,X,work,Name,Hogwarts.House,cluster,houseType,playful-serious,shy-bold,cheery-sorrowful,masculine-feminine,charming-awkward,lewd-tasteful,intellectual-physical,strict-lenient,refined-rugged,trusting-suspicious,innocent-worldly,artistic-scientific,stoic-expressive,cunning-honorable,orderly-chaotic,normal-weird,competitive-cooperative,tense-relaxed,brave-careful,spiritual-skeptical,unlucky-fortunate,ferocious-pacifist,modest-flamboyant,dominant-submissive,forgiving-vengeful,wise-foolish,impulsive-cautious,loyal-traitorous,creative-conventional,curious-apathetic,rude-respectful,diligent-lazy,lustful-chaste,chatty-reserved,emotional-logical,moody-stable,dunce-genius,arrogant-humble,heroic-villainous,attractive-repulsive,rational-whimsical,mischievous-well behaved,aloof-obsessed,indulgent-sober,kinky-vanilla,straightforward-cryptic,spontaneous-deliberate,libertarian-socialist,scheduled-spontaneous,works hard-plays hard,reasoned-instinctual,focused on the present-focused on the future,empirical-theoretical,open-guarded,methodical-astonishing,mighty-puny,bossy-meek,barbaric-civilized,gregarious-private,quiet-loud,political-nonpolitical,confident-insecure,democratic-authoritarian,debased-pure,fast-slow,frugal-lavish,ludicrous-sensible,orange-purple,tall-short,young-old,down2earth-head@clouds,extrovert-introvert,open to new experinces-uncreative,calm-anxious,disorganized-self-disciplined,quarrelsome-warm,nerd-jock,lowbrow-highbrow,selfish-altruistic,autistic-neurotypical,angelic-demonic,hesitant-decisive,devout-heathen,cruel-kind,direct-roundabout,mathematical-literary,blue-collar-ivory-tower,slovenly-stylish,playful-shy,serious-bold,charming-trusting,awkward-suspicious,hipster-basic,coordinated-clumsy,funny-humorless,politically correct-edgy,rich-poor,hard-soft,remote-involved,metaphorical-literal,biased-impartial,mundane-extraordinary,tiresome-interesting,smooth-rough,spicy-mild,enslaved-emancipated,optimistic-pessimistic,sickly-healthy,luddite-technophile,vain-demure,high-tech-low-tech,flexible-rigid,cosmopolitan-provincial,arcane-mainstream,outlaw-sheriff,pronatalist-child free,sad-happy,jealous-compersive,bitter-sweet,resigned-resistant,sarcastic-genuine,human-animalistic,sporty-bookish,moderate-extreme,angry-good-humored,depressed-bright,self-conscious-self-assured,vulnerable-armoured,warm-cold,assertive-passive,active-slothful,imaginative-practical,adventurous-stick-in-the-mud,obedient-rebellious,competent-incompetent,unambitious-driven,simple-complicated,proletariat-bourgeoisie,alpha-beta,'right-brained'-'left-brained',thick-skinned-sensitive,charismatic-uninspiring,feisty-gracious,eloquent-unpolished,high IQ-low IQ,insider-outsider,morning lark-night owl,thin-thick,sheeple-conspiracist,neat-messy,vague-precise,philosophical-real,modern-historical,judgemental-accepting,average-deviant,gossiping-confidential,official-backdoor,scholarly-crafty,leisurely-hurried,explorer-builder,captain-first-mate,mysterious-unambiguous,independent-codependent,family-first-work-first,scruffy-manicured,wild-tame,prestigious-disreputable,scandalous-proper,unprepared-hoarder,sheltered-street-smart,open-minded-close-minded,permanent-transient,dramatic-no-nonsense,apprentice-master,straight-queer,androgynous-gendered,repetitive-varied,patient-impatient,poisonous-nurturing,creepy-disarming,inspiring-cringeworthy,soulless-soulful,hard-soft,beautiful-ugly,domestic-industrial,juvenile-mature,idealist-realist,nihilist-existentialist,objective-subjective,theist-atheist,classical-avant-garde,utilitarian-decorative,generalist-specialist,multicolored-monochrome,complimentary-insulting,individualist-communal,equitable-hypocritical,traditional-unorthodox,workaholic-slacker,resourceful-helpless,crazy-sane,anarchist-statist,cool-dorky,important-irrelevant,noob-pro,deranged-reasonable,rural-urban,introspective-not introspective,city-slicker-country-bumpkin,western-eastern,mad-glad,social-reclusive,studious-goof-off,slugabed-go-getter,penny-pincher-overspender,liberal-conservative,unassuming-pretentious,persistent-quitter,hedonist-monastic,patriotic-unpatriotic,tactful-indiscreet,wholesome-salacious,joyful-miserable,zany-regular,alert-oblivious,feminist-sexist,racist-egalitarian,abstract-concrete,formal-intimate,resolute-wavering,deep-shallow,valedictorian-drop out,minimalist-pack rat,trash-treasure,Warm.Sarcastic,woozy_face.partying_face,sunglasses.monocle,sadness.happiness,money_mouth.cowboy_hat,alien.clown,dejected.elated,robotic.impulsive,crappy.star,muscular.brainy,inhibitor.prohibitor,healthcare.mechanic,scientist.singer,evil.angel,thoughtful.quiet,elephant_eccentric.mouse_discreet,cow.pig,horse_real.unicorn_fictional,doggy.monkey,cardio.strength training,fencing.golfing,outgoing.conservative,mythical.scientific,goat.giraffe,bat.squirrel,grimacing_face.smirk_face,uptight.relaxed,laugh.smile,active.lethargic,hiking.running,elegant.liar,optimistic.pessimistic,stinky-fresh,legit-scrub
212,212,Harry Potter,Ron Weasley,Gryffandor,1,0,23.1,54.3,41.2,32.3,70.5,45.2,69.9,81,75.3,36.3,34.3,34.4,77.5,80.5,80,63.3,59,44.5,36.4,68.4,43.7,53.8,36.5,73.4,39.8,65,40.2,10.5,50.3,38.7,55.4,65.8,43.4,25.7,20.7,26.6,37.6,63.1,13.9,40.8,68,28,44.8,32.8,70.4,30.2,28.4,51.7,77,71.1,76.3,32.9,41.6,44.8,73.3,46.4,70.2,53.1,35.5,66.2,67.8,74.7,26.8,71.5,65.6,28.7,40.3,14.8,34.7,21.7,60,46,42.5,79.8,15.8,60.8,44.9,29.1,63.8,61.7,28.4,25.9,39.4,84.8,65.2,60.2,18.6,22.5,41.8,69.1,70.9,23.1,61.3,82,20.2,59.4,82,72.1,74.6,69.6,25.5,52.7,60.7,65.1,61.7,57.4,63.1,63.2,36.8,57.4,73.3,39.4,77.6,51.7,42.4,39.7,60.6,29.9,65.3,58.1,49.8,23.5,30.7,42.6,76.7,53.7,23.1,35.7,20.3,64.4,58.9,39.8,39.4,64.4,47.3,52.2,39,22.3,77.7,46.1,71.1,39.3,36.4,79.5,50.8,57.5,69.8,50.9,45.7,87.4,30,80.7,42.3,50.8,43.9,49.8,65.4,76.3,34.1,42.3,86.4,79,76.5,12.3,18.1,46.9,52.4,38.4,25.4,45.9,52,28.9,22.5,27.1,22.2,80.8,45.3,74.2,73.9,75.1,51.9,77.8,68.9,40.1,37.8,29.3,52.8,63.7,67.7,53.5,51.2,38.1,33.1,32.8,37.8,66.9,46,56.2,80.2,43.5,55,43.3,68.2,18,43.6,56.2,23.7,52.8,82.8,34.5,65.6,42.5,86.3,44,34.3,38,35.1,37.2,38.7,27.3,62.3,28.4,41.6,35.5,75.4,39.2,75.4,45.5,70.8,57.6,43,55.6,66.3,81,42.4,56.5,30.2,66.1,74.5,66.7,65.7,60.5,74,40.8,40.5,70.9,70.6,69.3,33.1,66.1,61.4,46.1,74.3,29.3,44,36,22.6,38.8,81.6,50.6,72.8,40.5,71.4,47.9,69.3,33.3,45.6,40.6
213,213,Harry Potter,Harry Potter,Gryffandor,5,0,54.3,74.8,59.6,29.8,59.2,72.8,50.9,72.8,60.6,36.2,55.4,48.8,57.5,75.6,71.4,58.6,42.5,25.6,12,54.1,55.9,38.8,36.5,31.8,40.1,53.1,20.1,7.1,38.3,15.9,64.7,30.2,52.8,60.7,30.4,33.2,62,60.9,11.7,29.4,51.9,27.6,67.3,48.7,70.6,34.7,31.9,57.3,81.1,47.4,79.7,47.2,41.5,60.9,74.1,27.4,41.5,72.2,54.4,46.6,36,38.2,32.6,69.3,28.7,41.8,53.2,43.1,56.8,23.4,54.2,50.3,16.5,68.1,41,55.8,51.1,50.7,72.9,67,32.1,65,41.1,83.8,39.9,62.3,45.7,43.4,47.3,73.9,57.7,38.8,57.9,55.4,38.3,55.5,39.2,54.4,85.7,58.4,32.8,79.6,69,54.1,51.1,65.6,38.8,69.4,54.1,54.9,51.8,36.8,59.3,50.6,41.3,36.3,44.2,55.2,59.2,77.7,62.5,21.1,37.1,65.9,56.2,52.1,52,53.3,27.2,28.1,17.5,45.2,12,83.3,32.6,82,67.1,39.1,31,49.5,53.8,20.8,41.5,60.2,29.7,64.5,77,34.6,70.2,70.8,54.1,65.1,41.4,68.8,68.7,73,56.1,69.2,63.8,19,22,51,49.5,22.8,32.9,34,26.4,41.7,33.8,60.5,29.5,32.2,37.6,55.8,26.7,76.6,42,70,74,73.7,23.7,86.2,54,29.2,51.5,54.4,32.7,70.1,60.7,61.6,51.3,33.4,52.5,49,30.7,45.3,33.6,76,34.8,19.9,54.1,47,50.7,12.5,67.4,61.1,51.2,35,48,42.4,61.3,43.7,54.2,84.7,52.2,26.6,47.3,9.5,50.2,23.1,44.7,25.1,57.9,44.6,47.5,28.8,86,45.1,51.5,31.8,28.4,35.9,37.7,82.3,42.8,51.5,47.7,54.3,65.6,46,66.7,58.1,82.5,58.4,32.9,42.5,50.6,68,42.2,39.7,38.5,65,57.2,28.1,27.3,42.9,13.5,36.4,49.8,61.9,61.6,77.2,23.2,59,44.1,29.6,70.3,25.5
214,214,Harry Potter,Hermione Granger,Gryffandor,6,0,83.1,83.2,47.5,71.2,43.6,87.3,9.2,17.2,28,51,66.4,87.9,59.1,74.7,10.5,50.1,34,17.2,34.5,81.2,73.2,32.8,30.1,15.6,35.7,8.9,76.4,4.6,49,14.6,77.9,3.6,69.7,51.7,79.2,66.2,95,52.5,6.9,12.9,11.5,75.4,75.2,77.6,66.2,23.3,84.6,63.3,11.7,9.7,16.8,69,54.1,68.8,28.3,12.6,16.1,88,61.1,58.3,15.3,24.9,38.5,81.2,15.2,28.4,87.9,50.9,53.5,28.8,16.3,59.8,30.4,60.7,97.3,52.6,10,80.7,84.7,71,20,82.7,30.7,87.6,13.8,60.9,56.5,62.9,52.2,51.7,61.3,62,49.3,14,54.3,31.6,44.4,32.4,89.3,78.4,54.8,88.9,82.7,38.4,35.8,88.1,37.8,89.5,68.9,69.3,21.6,70.3,46.7,36.7,75.4,46.9,60.1,61.8,64.6,79.9,71.4,14.6,93.5,56.3,53.5,83.6,70.9,75,34.4,12.3,9.7,79.7,40.7,49.1,3.5,95.5,78.4,37.8,15.1,56.2,46.9,18.6,32.9,13.1,3.5,53.5,29.8,31.7,63.9,9.6,95.4,61.2,51.4,49.2,64.5,87.9,20.3,17.7,80.2,51.1,28.5,61.4,10.7,59.1,63.1,48.6,11.4,79.9,83.8,60.9,34.3,22.1,75.3,87.5,25.7,75.3,50.8,45.7,86.9,81,16,89.4,35,10.6,67.7,87.7,67.4,68.2,29.4,67.8,47.8,26,56.6,29.8,37.5,45.7,20.6,41,5.5,6.9,77.4,63.7,39.7,5.2,94.3,88.4,56.1,22.6,43.4,44.6,66.6,55,6.2,93.1,25.3,21.8,64.5,5,55.5,26.3,15.1,21.3,38.2,42.6,10.1,6.8,89.6,73.8,34.7,17.9,16,5.2,39.8,93.1,26.6,59,57,66.6,66.4,29.8,81.7,37,92.6,84,20.1,13.8,19.8,78.8,27.1,29.8,33.9,56.2,26.9,37.5,14.9,43.3,24.9,48.8,65.8,73.2,59.1,84.9,16.9,40.5,27.5,20.6,88.2,13.1
215,215,Harry Potter,Rubeus Hagrid,Gryffandor,1,0,24.8,59.6,22.6,17.6,57.2,50.5,77.6,84.2,90.3,12.1,39,36.4,73.4,91.1,79.2,76.3,85.8,68,24.4,31.5,41.7,69.4,36.5,62.2,12.1,44.7,31.1,4.1,22.5,19.9,82.9,23.8,61.4,16.4,16.4,50.3,45.5,91.2,9.4,56.8,79.6,38.4,51.6,31.6,47.6,31,28.3,53.7,79.4,36.8,78.4,28,37.4,26.7,74.4,14.2,70.9,45.7,29.6,78.5,68.2,59,19.3,85.1,72.7,28,43.6,40.9,4.4,65.5,49.1,43.3,17.8,60.4,23.1,90.2,42.3,25.9,89.7,43.5,13.9,36.9,32.8,96.9,58.2,69.9,14.7,18.5,31.9,74.2,77.4,25.9,34.5,81.5,14.1,63.7,76.8,83.3,71.1,64.6,31.1,81.9,83.2,74.8,46.9,61.7,19.1,74.4,18.6,83.2,86.3,28.1,81.4,20.1,35.6,56.5,75.9,81,90.2,62.6,89.2,50.3,37.7,62,89.6,70.3,37.5,38.6,7,60.2,37.7,37.4,20.3,57.1,38.9,57,31.3,16.8,65.5,48,73.2,20.1,59.8,81.8,54.7,69.2,62.3,91.2,47.3,86.8,32.2,71.1,77.1,91.9,60.7,45.9,79.1,83.1,29.9,42.6,83.9,58.1,42.5,15.7,6,30.8,52,39.9,66.5,68.9,17.5,31.3,48,64.9,37,76.7,53.4,32.9,92.6,78.9,22.6,95,83.1,39.2,27,48.3,27.8,72.9,64.2,46.6,58.8,35.8,69.3,45.2,16,51.8,18,71.9,41.3,28.1,52.8,41.2,51.8,13.8,77.5,61.5,12.9,37.7,92.4,33.3,85.3,45.3,74.8,62.9,41.9,28.5,24.5,20.3,44.4,23,56,8.7,19.4,25.8,62,21,89.4,39.9,77.5,38.1,20.9,69.5,59.6,88.7,15.7,72.9,18.8,86.7,86,48.6,85.8,68.9,91.4,23.1,15.5,81.7,67.4,92,51.3,23.2,38.9,72.4,66.6,78.4,39.9,32.5,21.2,36.3,61.2,64.9,74.4,74.5,44.6,11.5,59.7,31.5,34.5,25
216,216,Harry Potter,Albus Dumbledore,Gryffandor,6,0,56.2,86.3,50,42.7,25.2,75.5,9.4,63,27.5,40.6,85.4,53.9,38.5,59.5,44.6,75,59.6,61,36.7,34.5,65,55.7,58.4,19.9,22.1,14.8,68.7,20.8,19.6,20.2,78.4,13.2,68.4,63.5,69.8,68.7,89.4,63.8,22.3,38.7,48.3,36.6,53.8,53.7,37.8,82.8,79.2,51.9,47.9,30.2,31.3,73.5,58.8,71.2,54.5,11.7,33.5,77.8,76.2,34.6,32.3,15,49.6,60.3,47.3,56.5,62.3,75.5,18,90.2,51.9,52.1,15,14.8,77.8,72.1,18.8,79.1,69,57.1,32.4,81.2,32.9,74.3,71.2,69.8,71.1,67.7,27.1,57.5,47.9,64.1,30,17.7,31.4,54.9,27.4,50.4,65.2,17.8,42.1,90.8,83.4,32,38.3,76.4,23.6,56.4,43.2,61.2,46.7,37.8,41.9,20.5,54.2,60.4,49.6,78.1,65.3,68.8,68.1,22,89,63.2,79.3,63,78.5,74.9,33,32.1,27.5,38.6,24.1,75.5,16,87.4,88.1,57.1,16.3,55.4,35.8,11.3,63.7,13.1,6.9,44.8,72.9,49.7,72.3,44.5,39.3,23,77.4,77.1,73.6,82.6,49.3,37.3,30.1,49.1,10.7,13.8,18,62,49.6,38.3,14.7,56.9,78.3,78.7,19.3,42,47.6,94.8,72.5,54.9,62.4,15.3,76.8,75.5,14,79.2,55.4,35.5,58.7,86.6,50.2,76.3,51.6,48.6,53.4,38.8,60,32.9,20.5,50.1,38.2,73.8,25,11.7,55.2,45.7,35.6,9.7,91.3,72.1,42.7,17.7,56.7,49.5,72.5,59.9,22.1,81.7,44.5,33.2,51.9,11.1,49.9,27,23.3,31.1,41.1,24.7,21.3,27.9,84.2,29.6,44.6,27.4,19,18.1,44,80.5,37.7,62.3,56.1,59.8,69.7,35.9,65.5,71.6,84.5,84.8,35.6,27.3,42.7,69.1,56.1,25.3,34.3,80.5,39.2,38.5,36.9,43.2,8,32,47.6,64.4,46.3,79.7,38.9,50.8,19.9,39,66,19.8
217,217,Harry Potter,Minerva McGonagall,Gryffandor,6,0,79.8,89.1,52.9,70,24.1,89.6,8.8,22.9,14.1,55.5,80,76.2,29,79.5,11.6,43.9,58.6,23.4,28.9,67.3,73.3,37.8,29.2,12,26,7.3,82.7,5.5,60.4,34.9,82.6,5.3,82.2,76.4,78.7,81.2,92.8,67.2,6,31.3,17.2,75.4,50.3,80.4,56.3,24,85.4,53,16.5,15.6,21.8,51.4,40.6,76.6,33.3,10.4,17.1,93.2,76.5,45.4,32.4,9.4,53.1,81.8,24.3,34.8,88.8,70.2,29.9,84.5,10.5,55.4,40.7,30.1,95.2,59.2,21.3,83.8,86.9,76.6,24.3,89,22.5,81.6,10.7,59.3,62,76.5,42.2,43.4,64.9,76.9,48.4,7,50.4,34.2,29.6,35.8,76.3,65,55.7,85.4,83.8,38.4,31.5,86,42.9,80,33.6,74.5,58.6,68.2,54.7,34,81,59,59.7,83.1,59.6,72.7,56.8,39.8,86.9,42.2,62,74.4,84.6,86.1,47.3,12.9,17,76.9,55.9,49.1,4.7,87.8,66.9,54.3,15.2,55.3,24.3,17.5,38,7,5.5,27.2,55.6,31.1,56.8,9.1,88.4,60.2,76.2,54.9,52.6,84.2,19.2,24.6,70.8,72.6,31.9,44.7,9.7,61.6,86.6,58.5,7.9,88.4,74.5,77.8,32.4,18.8,79.4,92.4,39.9,60.6,49.4,37.6,81.9,76.6,8.5,87.1,38,23.8,47.7,90,75.3,68.5,35.1,61.6,28,33.6,67.6,42.6,37,50.5,22.7,34.1,9.8,9.4,79.8,60.3,26.7,12.9,94.6,89.3,45.4,23.2,52.5,42.3,65.2,55.8,15.5,85.3,30.2,43.2,61.3,7.5,63.5,21.9,14.6,22,40.4,48,11.7,12.5,85.4,70.6,20.1,16,17.7,8.9,34.7,90.5,31.1,61.3,57.9,71.6,61.5,25.1,83.2,52.3,89.1,74.7,31.4,23,28.5,78.8,47.2,39.1,34.4,60.5,20.9,42.8,17.7,57.9,9.8,49.5,41.2,67.3,47.4,77.6,33.8,39.2,12.6,20.5,81.3,12.2
218,218,Harry Potter,Severus Snape,Slytherin,4,0,95.8,63.3,93.1,30.9,79.1,54.5,12.6,8.2,31.7,82.1,75.9,83.3,13.8,41.6,22.8,80.2,26.4,10.4,46.3,79.4,20.1,29.4,35.7,31.7,72.7,30.1,80.1,32.6,54.3,55.6,29.3,11.3,57.6,93.4,54.9,25.2,82.3,25.3,44.2,67.4,21.5,40.6,73.4,77.9,38.8,77.4,90.8,35.6,12.2,14.7,34.7,57.3,36.4,94.5,23.7,33.7,17.4,61.4,92.7,18.4,30.8,55.8,82.7,40.7,43.2,27.8,63.8,78.5,24.6,72.4,34.6,89.3,70.2,46.9,93.4,15.6,11.5,71.2,48.1,51,59.2,77.7,34.8,35.5,33.2,38.6,58.8,40.9,82.1,19.6,51.8,73.2,48.4,13.2,85.7,72.8,51.8,20.8,47.1,55,18.5,68.4,65.8,62.8,34.9,39.7,86.9,38.4,35.8,45.2,58.2,83.5,62.2,17.1,46.9,78.2,10.4,24.4,16.9,60.8,25.7,37.7,94.6,76.8,15,21.6,48.3,75.8,86.3,27.2,35,79,73.8,52.4,16.1,84.4,89.8,56.3,56.9,52.4,50.8,58.8,32.3,22.1,11.3,72.3,86.2,43.1,76.5,25.5,70.7,52.9,82.3,18.9,74.9,84.3,63.5,40.2,57.2,62.7,64.6,14,33.1,63.7,60.3,53.7,40.7,59.6,79.2,67.6,74.6,29.9,58.4,80.9,35.1,58,44,57.6,35,38.1,46.2,59.9,31.2,57.8,60.1,70.4,65.1,43.9,52.7,71.8,37.4,20.6,76.2,70.6,82.8,30.5,59.9,44,15.6,13,59.1,42.4,47.9,18.6,80.1,57,45.2,25.9,42.5,49.2,26,92.7,8,59.6,22.8,70.6,79.6,17.4,61.5,36.9,30.3,60,87.7,42.5,17.2,60.2,45.2,56.4,22.2,23.4,21.9,25.6,37.2,67.5,59.7,33.4,68.8,22.2,47.4,38.2,38.5,51.2,61.2,86.2,63.1,28,23.7,49.6,62.3,57.5,51.5,39.9,40.3,36.3,19.2,74.1,19.3,35.6,14.7,42,18.3,63.3,55.7,31.5,17,39.4,43.9,32
219,219,Harry Potter,Ginny Weasley,Gryffandor,6,0,52.1,62.8,38,74,48.6,73.2,35.5,54.5,44.4,34.7,41.1,50.6,50.8,67.3,42.1,39.8,45,43.6,21.7,59.7,61.7,37.8,27.7,41.4,38.8,35.5,43.6,10.2,40.6,22.5,69,16.1,49.6,60.8,51.8,60.4,73.6,68.9,11.6,20,36.3,49.3,59.7,61.4,60.1,33,52.4,55.4,55.7,36.9,54.8,49.8,42.6,58.5,51.5,28.1,42.6,77.6,59.4,34.4,35.6,39,31,75.2,28.8,30.1,76.7,20.6,60.5,15.3,35.3,56.7,21.8,42.4,77,65.6,44.6,54.9,76,71.6,27,68.7,35.1,88.4,33.9,60.6,30.6,57,59.8,66.8,61,42.4,59.3,29.4,42.8,52,78.2,48.9,67,62.7,40.4,62.1,63.8,43.7,44,75.8,28.3,79.1,56.6,71.5,42.1,35.8,59.7,55,49,44.4,60.9,58.9,72.6,74.4,63.9,22.2,51.4,43.1,67.6,76.1,56.2,59.7,27.5,35.7,20.5,53.3,24.3,70.2,19.1,81,50.7,25.5,40.9,48.3,43.8,38.1,33.5,37.8,17.6,45.6,51.3,30.4,57.5,34.5,64.9,71.8,31.4,68.9,49.5,73.1,52.5,50.7,54.2,35.6,51,58.5,28.4,19.7,60.3,42.2,27.7,61.7,55.7,56.7,23.7,35.8,62.2,46.2,24.9,68.9,51.3,40.1,82.2,77.6,40.9,82.7,61.1,18.7,43.9,62.4,54.5,68.1,48.4,55.4,44.3,47.1,48.7,43.5,31.3,45.3,30.3,56.2,29.3,26.4,71.9,46.5,41.5,38.7,59.4,75.9,37.4,35.3,68.4,38.3,67.1,53.8,33.1,75.7,35.5,32.1,42,17.9,45,30.1,33.8,21.4,35.4,61,36.7,15.4,84.9,59.4,57.3,34.6,37.5,21,37.3,75,30.8,54.6,45.5,60.2,65.6,42.2,74.9,56.1,75.6,62.6,35,31.3,39,67,51.6,50.6,52,54.6,38.6,34.7,17.5,41.5,26.5,52.7,64.6,62.2,53.7,73.9,23.8,61.7,57.7,28.5,75.9,23.7
220,220,Harry Potter,Luna Lovegood,Ravenclaw,1,0,22.6,67.5,26.9,82.3,60.1,70.6,16.8,87.3,50.2,22.2,39.5,13.6,76.4,71.6,77.6,89.4,85.8,90.9,20.2,11.4,53.2,77.5,66.6,53.1,9.2,26.9,34.2,6.6,5.2,9.6,81.4,24,64.2,39,38.4,50.6,79.3,85.8,10.5,18.4,89,40.2,32.7,35.8,30,73.6,21,55.3,90.9,52.6,74.5,46.8,65.7,18.3,85,32.5,67.8,66.9,41.6,24,50.8,17.8,15.2,87.7,55.7,42.1,38.3,73.9,65.9,20.1,88.6,66.5,5,17.9,36.7,88.5,11.1,53.3,89.9,32.6,15.4,72.6,44.6,96.3,56.5,85.3,44.7,61.7,31.8,82.2,55.2,22.7,13.6,63.2,24,75.2,64.2,80.6,45.7,16.3,67.1,93.3,88.6,26.9,41,88.4,9.9,63.3,43.5,79.4,57.9,12.8,56.4,9.2,24.1,62.2,68.6,86.6,92.1,65.7,91.8,54.5,86.3,72.7,92.1,77.4,83.3,43.2,16.1,56.5,37.1,7.6,10.4,74.1,22.2,69.6,71.1,32.6,59.5,46.1,46.1,16.9,61,42.6,13,82,69.2,27.5,75.7,71.6,26.2,18.9,55.2,94.8,79.6,77.6,78.4,73.7,14.1,11.4,72.4,14.9,11.9,16.5,39.9,24.1,53,43.3,66.6,55.5,6.2,69.2,41.3,62.6,69.9,48.1,84.6,15.2,88.9,64.1,26,94.4,81,11.7,39.7,58.2,11.3,74.8,70,42.5,86,66.4,73.3,17.8,16.3,29.5,24.7,92.8,45.7,14.9,37.2,35.6,58.8,26.8,74.2,45,29.5,17.1,77.8,48.8,78.3,59.7,44.5,72.6,37.6,15.1,19.8,15.4,46.9,45.9,42.1,17.7,20.4,15.5,49.9,10.3,89.4,10.6,78.1,37.5,13.6,28.6,52,91.2,35.3,55.9,48.7,79,74.9,23.9,84.8,81.8,88.8,85.6,23,31.6,60.7,86.6,45.8,50,45,93.4,57.1,27,33.1,34.7,19.8,52.5,62.4,66.2,79,78.3,36.6,42.2,30.9,23.8,73,23.9
221,221,Harry Potter,Draco Malfoy,Slytherin,4,0,74.1,78.3,81,41.3,43.8,33.6,44.7,23.8,29.2,86.6,66.5,66.4,57.3,15.9,64,62.4,7.3,14,59.1,79.2,47.1,22.6,85.9,42.2,85.6,74.1,28.2,69.5,67.4,57.4,12.5,44.9,33,46.5,25.6,12.6,48.1,6.7,73.8,57.7,47.4,14,75.2,29.4,35.2,55.5,72.8,36.1,36.7,67.6,69.2,53.3,34.8,86.7,36.4,65.6,23.5,43.5,53.5,74.5,24.7,66.4,85.2,24,32.7,88.8,31.1,61.2,45.7,18.4,68.4,34.8,70.2,81.6,58.1,9.7,71,76.4,13.7,66.6,77.9,43.6,61,21,37,40.4,87.6,73.7,31.2,53.7,25.8,81.1,58.6,36.8,68.7,81.5,8.8,41,53.9,64.2,14,55.3,49.6,51.2,27.7,25.1,77.8,35.7,48.4,12.1,38.6,78.1,33.1,48,31.6,50.1,17.4,14.5,14.7,57.8,14.2,54.6,37.6,82.5,13.6,26.3,55.7,53,85.4,30.2,36.2,63.5,61.6,50.1,51.9,81.1,77.8,89.1,43,51.5,72.8,47,16.5,36.7,36.9,45,80.3,27.8,58,33.2,65,62.8,62.2,8,77.9,25.6,67.7,68.3,62.5,49.9,38,42.3,74.3,32.3,85.1,36.1,55.7,33.9,47.6,24.1,84.9,49.9,17.8,29.1,55.8,61.2,39.5,88.3,17.8,34.7,69.4,48.6,42.1,39.5,49.9,23,42.9,38.4,61.3,62.1,43,43.3,61.1,64.2,89.1,41.6,76.7,35.8,53.5,54,44.3,41.6,37.4,29.3,47.7,31.8,75.1,58.1,14.9,43,25.8,55,46.8,63.5,77.4,75.4,88.6,36.5,38.4,38.2,46.6,73.6,85.1,40.3,47.9,85.5,24.2,64,35.5,58.3,53.6,42.8,63.1,47.6,60.2,29.8,42.8,31.4,21.5,50.9,39.5,60.2,40.4,51,58.8,31.9,58.8,25.4,53.9,78.9,68.2,45.9,37.3,33.5,29.5,45.1,20,34.4,29.2,67.6,41.7,37.6,49.3,68.6,24.4,46,50.3,57.1
222,222,Harry Potter,Molly Weasley,Gryffandor,6,0,44.3,88.2,15.2,79.1,21.8,73.9,51.2,40.1,65,27.5,57.1,21.5,87.3,81.9,51.8,58.4,68,37.6,29.7,37,65.7,35.8,40.7,21.1,32.8,19.6,67.7,4.2,39,30.7,77.2,10.2,62.7,10.8,24.3,51.2,69.8,85.3,7.9,31.1,50.9,58.3,60.2,53.6,50.6,17.7,56.6,63,39.1,18.8,63.3,39.1,37.1,27.3,55.7,16.1,20.8,72.1,24.1,83.7,48.1,17.8,57.4,83.2,33,18.3,77.2,24.8,77.6,63.2,22.3,15.2,32.8,70.5,61.5,85.1,37.1,40.3,89.9,71.7,14.2,82.2,24.1,92.8,23.2,75,17.7,37.7,16.6,68.2,57.8,49.2,44.4,42.2,26.4,50.8,76.1,61.1,87.9,59.5,36.2,76.1,75,50,30.7,77.7,21.2,83.9,24.9,74.3,76.2,53.6,79.9,35.5,71.9,12.6,83.3,74.1,85.6,75.8,83.4,17.1,64.8,54.2,73.2,83.6,73.4,65.7,7.1,20.3,17.9,66.9,47,59.4,15.5,74.5,36.5,21.6,16.8,51.9,43.8,15.3,40.9,55.1,32,37.8,17.6,77.1,47.5,56.2,68.3,79.8,70.3,81.9,47.3,48.7,58,80.2,75.7,76.6,25.4,73.7,35.8,4.3,29.8,40.1,35,67.7,76.7,73,27.2,22.8,62.2,83.2,24.4,84,50.2,40.4,92.5,85.5,19,95.1,63.9,22.2,17.8,75.7,49.6,74.2,53.1,36.8,53.5,59.6,34.4,20.6,18.9,76.7,24.7,43.2,20.4,10.7,54.8,49.1,49.3,28.5,85.9,71.9,19.7,36.6,88.9,38.1,74.2,15.2,48.1,84,21.3,33.1,36.3,11.3,53.6,22.6,38.1,13.4,12.5,30.6,30,15.3,87.9,46.9,78.5,25.5,22.5,35,73.6,90.3,15.5,74.8,30.3,81.8,81.4,47.8,91.6,66,90.5,46.2,22.9,49.8,59.4,84.2,44.8,35.1,42,76.6,34.2,60.4,26.5,35.4,13,37.6,76.7,67.1,77.7,80.2,41.3,29.3,48.3,21.8,73,16.4
223,223,Harry Potter,Lord Voldemort,Slytherin,4,0,90.6,91.6,87.7,29.4,56.1,30.2,27.1,5.4,43.2,93.6,88.8,60.2,50.4,7.2,57.7,90.2,4.4,10.3,52.4,54.8,33.1,5.4,87.9,5.4,98.1,53.3,44.3,86.3,33.1,58.8,17.3,12.7,36.3,64.3,39.5,12.8,73.3,4.5,97.1,90.5,53.1,6.9,92.2,34.5,22.5,66.5,83.4,36.8,30.1,31.2,61.1,74.8,34.8,89.3,26.3,27.9,7.5,17.6,61.9,56.9,19.3,44.9,95.6,9.6,33.7,76.1,21.8,72.5,23.3,85.2,79.4,55.5,53.2,68.7,81.3,4.7,29.7,68.5,6.9,44.5,96.9,86.8,71.2,3.6,32.4,44.6,80.8,49.3,35.5,52.8,24.1,85,46.5,19,86.4,90.5,43.8,9.4,51.4,40.5,11.4,86.8,65.7,66.2,16.4,55.7,55.2,10.3,33.7,12.4,54.1,89.6,49.5,15.4,10.9,80.9,12.4,13.1,4.4,84.7,39.3,80.2,78.3,96.5,8,22.5,72.3,71.5,96.8,9.5,27.4,42.3,41.8,92.5,27.3,95.7,77.3,70.4,16.8,55,59.4,32.5,14.3,26,14.7,84,91.4,29.2,90.3,37.7,75.1,31.4,81.5,5.9,94.7,68.7,73.7,63.4,61.7,67.2,8.1,31.7,45.8,95.3,67.3,13.9,67.9,19.2,77.5,69,90,52.7,18.4,86.5,66.2,42.7,30.9,68.7,4.9,19.5,71.7,16.6,12.2,80,67.7,43.5,18,35.8,54.1,71.8,61.3,32.5,74.4,76.6,82.9,15.3,76.4,67.9,15.6,27,9.7,27.8,49,17.2,70.6,14.6,45,45.3,36.7,45,8.2,83.8,18.7,70,60.3,76.5,88.5,10.6,29.6,55,45,90,94,18.1,30.4,77,19.5,46.8,32.5,28,48.9,46,47.8,26.4,85.4,19.3,72.5,19.7,30.9,32.8,13.4,72.1,15.3,72.2,82.4,42.4,57.4,7.6,62.3,73.2,72.7,51.1,49.7,44.9,18.6,63,15.5,31.4,16.6,23.6,23,27.1,36.7,41.1,25.8,70.7,20,58.1
224,224,Harry Potter,Cho Chang,Ravenclaw,6,0,64.6,36.3,57.7,87.2,41.2,76.4,23.7,45.3,16.6,38.5,35.1,66.6,48.6,66,20.2,23.9,54.7,36.5,53.5,52.7,41.5,69,22.5,64.4,26.7,40.4,67.1,37.6,67.8,41.8,75.9,20.1,59,70.1,44.5,47.9,69.5,68.1,31.1,22.5,33.6,76.7,49.4,64.4,74.5,48.4,70.7,51.2,23.9,24,33.5,50.9,50.5,67.9,30.6,48,68.2,86.1,68.2,18.6,47.7,54.1,31.1,72.3,40.7,51.4,77.5,69.7,60.6,15.7,40.5,63.4,49.8,51.8,78.4,69.4,34,70.4,52.4,75.3,26.8,35.1,30,78.6,54.8,46.8,69.3,73.2,67.9,38.5,45.8,41.7,71.4,25.6,65.4,26.6,25.1,72.7,45.4,61.7,45.4,37.2,44.5,23.2,74.8,57.5,41.2,76.3,56.9,59,42.1,57.6,38.7,71.2,64.9,49.4,44.2,53.5,72.7,46.6,77.8,16.4,66.2,24.3,67.3,59.5,44,34.6,38.5,65.8,29.1,70.7,60,36.1,30.1,69.6,50.9,63.8,66.2,50,71.9,54,64.1,24.5,18.5,42.7,32.7,31.3,35.5,18.8,57.4,51,40.8,56.8,26,53.2,41.2,20.2,58.3,51.1,64.4,56.6,55.7,48.2,87.3,78.2,25.5,77.3,51.1,31.6,45.2,63.4,46.2,32.2,28.3,78.1,31.2,33.9,68,72.7,53.2,69.4,70.8,21.2,41.3,60.5,46.8,59.5,56.3,50.2,27.1,57.9,38.5,57.1,32.1,54.9,43.8,25.1,23,42.7,72.3,67.4,50.6,67.2,48.5,72.4,63.9,43.8,36.7,67.3,62.4,46.8,17.5,71.6,45.7,46.5,54.6,41,49.1,38.3,38.2,37.3,49.8,75.7,49.5,23.1,79.4,66.5,35.9,53.5,55.3,18,40.3,57.9,44.7,40.3,66,45.4,46,52.8,43.1,38.6,53.5,80.8,42.5,20.1,21,61.2,51,63,46.7,50.6,27.2,26.6,31.2,50.8,31,48,58.1,51.7,43.8,74.5,43.2,71,36.9,42.8,68.5,43.4
225,225,Harry Potter,Fleur Delacour,Ravenclaw,6,0,66.1,67.1,36.6,94.4,13.7,84.8,33.9,32,8.1,43.3,48.6,32.9,48.7,69.1,16.3,30.4,34.8,40.3,38,42.5,72.3,49.7,55.8,42.2,31.9,35.1,66,16.7,57.9,38.2,73.9,16.8,55.9,64.6,46,58.8,73,43.2,23.6,10.7,49.2,78.6,39.8,54.8,59.5,40.3,72.7,53.5,23.4,27.7,38.3,62.3,44.6,68.8,55.4,32.9,35.9,92.2,57.4,29,47.9,19.3,39.1,77.4,31.8,80.6,73,78.7,31.5,16,51.2,45,34.6,42.4,85.6,65.5,55.9,87.4,61.2,75.6,20.4,67.7,25.7,79.6,32.6,69,81.5,90.2,44.8,50.1,24.1,64.3,60.5,12.9,64.3,30.6,11.3,63.9,50.8,52.7,46.3,68.9,61.2,12.4,51.4,70.6,30.4,84,40.5,47.7,46.6,58.2,24.3,61,71.8,43.4,65.9,62,73.1,59,72.5,24.1,48.9,38,64.6,75.9,74.6,58.1,46.7,37,21.8,58.9,42.2,39.5,23.1,81.7,53.5,81.1,31.6,48.5,55.9,30.6,65.8,7.7,19.8,45.4,22.3,20.4,42.8,9.5,73.7,47.6,53.6,52.7,43.5,59,24,26.1,47.2,39.2,39.2,37.7,35,27.7,94.4,68.4,13,86.9,57.5,33.2,41.4,57,46.2,53.2,31.2,87.8,42.6,45.4,73.9,75,40.9,73.8,60.9,9.3,38.4,70.4,40.1,74.9,48.7,34.9,26.1,76.1,53.2,59.7,36.2,49.1,37.7,24.6,20.9,31.9,70.2,70.4,28.7,57.7,69.5,72.6,70.7,36.2,25.1,49.3,72.5,40,16,77.6,67.2,54.9,66.7,26.5,58.4,26.7,33.8,28,39.1,62.7,40.6,18.5,74.2,56,30.4,34.7,50.7,14.8,34.9,73.9,26.8,58.2,48.4,62.3,28.9,34.7,75.1,49.6,80.5,71.2,34.3,16.1,36.6,74.3,55.4,51.7,40.4,79.2,12.2,25.9,26.1,34.8,23.6,64,74.8,74.2,51.3,76.5,35.3,67.7,15.3,37.1,84.2,30.5
226,226,Harry Potter,Viktor Krum,Hufflepuff,5,1,76.7,74.6,63.8,7.6,36.7,50.9,89.2,28.5,77.2,57.7,71.9,53.7,18.8,60.6,39.9,42.5,15.1,25.6,18.5,68.5,66.1,25.5,61,17.1,52.6,55.9,32.8,28.7,73.7,52.5,60.2,18.8,36.6,83.6,58.5,40.7,34.8,28.4,34.8,38.1,30.7,52.4,48.9,54.1,45.5,36.5,69.6,55.5,36,45.6,72.6,39.3,24.6,73.8,50.6,18.6,27.8,41.5,62.1,34.9,54.3,16.3,72.7,49.4,28.9,64.2,53.5,43.3,27.8,26,42.3,50.5,53.1,32,86.9,35.5,89,55.3,44.8,57.2,52.6,81.1,44.1,60.1,24.1,39.8,55.1,63.7,50.1,49.9,29.7,56.7,67,16.2,74.1,64.7,17.7,24.9,41.7,78,40.2,63.3,47.1,72,33.5,55.3,40.8,86.1,37.7,33,56.9,75.1,58.4,62.5,51.3,56,48.3,42.3,50,68.1,65.3,63.4,7.8,71.2,41.8,52.6,82.6,77.4,65.8,23.1,10.2,81.9,30.8,47.8,27.9,87.6,34.2,58.5,17.1,49.7,27.4,38.7,36.7,58.7,60.7,47.7,49.8,79.4,50.3,42,60.3,76.4,52.8,47.1,53.5,77.7,35.7,64.3,56.8,59.7,19,42.1,27,72.4,42,33.2,24.4,56.1,60.1,65.4,59.9,53.8,65.3,70.1,27,84.9,26.8,64.2,47.7,50,53,47.6,23.3,45.4,63.8,56.7,54.3,49.1,39.3,51.8,48.1,32.5,70.2,71,48.1,43,45.2,29.9,22.8,32.6,46.9,46.2,37.1,63.2,70.7,47.5,55,58.9,47.9,66.6,35.8,59,47,76.8,68,71.3,65.1,16.9,49.2,20.8,37.3,56.1,62.2,53.1,56.1,65.8,54.6,71.9,43.6,30,66.2,39.1,57.6,52.4,55,36.4,25.4,51.2,48.4,44.2,48.4,36.1,53.4,12,54.9,78.5,78.4,44.8,40.5,35.3,46.1,30.5,54.5,82,14.4,40.6,39.9,28.7,34.5,52.3,37.8,53.7,13.4,46.5,62.2,46.1,51.2,47.4
227,227,Harry Potter,Filius Flitwick,Ravenclaw,6,0,68.1,52.3,46.1,34.8,60.5,71,12.1,35.8,18.9,51.4,63.3,70.6,39,68.8,21.8,62.6,64.3,33,56.7,70.2,54.5,66.8,47.8,54.6,33.9,21.6,78.5,19.6,59,37.5,71.6,16.3,74,66.3,79.7,59,76.1,56.5,26.8,69.6,42.8,71.6,50,65.7,52.8,40.7,77.6,48.7,20.5,24.2,25.3,45.6,53.9,68.5,26.1,50.1,46.9,85.9,67.6,29.9,40.8,37.6,43.9,66.8,47.1,38.2,75,49,97.1,82.2,36.4,64.9,50.4,57,80,57.8,10.2,69.5,66.3,57.7,36.7,60.9,27.8,74.1,33.9,51,66.3,58.4,53.2,27.2,60.4,49.2,52.2,38.7,57.6,27.4,34.6,52,46.4,60.8,61.7,56.7,58.5,44.7,59.4,63.1,50.1,61.3,38.6,61.4,58.7,63.1,53.9,34.1,75.7,60.3,54.6,67.1,54.9,50.9,59.2,33.3,92.2,35.3,58.5,65.5,63.8,61.3,49.7,49.7,38.8,68.1,69,32.5,18.2,66.5,50.8,63.9,66.4,51.6,44.3,53.8,43.4,21.3,14.3,47.5,43.2,57.7,48.4,25.4,77,34.7,82.5,51.7,37.2,62.9,26.3,21.9,65.5,60.6,72.4,54.1,34.8,76.3,72.5,72.9,21.9,83.6,69.4,48.3,48.8,34.7,62.2,79.9,59.5,64.8,35.6,45.8,67.2,49.4,47.8,66.1,45.1,69.3,49.7,76.4,59.1,62.3,36,59.4,34.3,39,81.7,52,41.4,54.5,37.3,28.9,22.4,33.8,56.4,69.8,69.9,63.5,64,69.6,52.8,34.6,52.1,52.7,42.6,69.5,19.8,63,26.1,54.9,64.7,24.5,57.9,32.3,34.4,44.4,58.6,46.4,40.5,50.1,68.7,57,20,37.2,46.2,21.2,46.6,60.2,62.9,40.9,77,57.4,48,46.3,53.9,46.1,59.2,87.3,57.7,34.1,31,60,37.1,74.6,61.1,59.6,37.3,36.6,37.8,52.5,23.8,20.4,68.4,41.8,40.2,54.3,67.7,36,14.2,48.1,45.1,38.5
228,228,Harry Potter,Horace Slughorn,Slytherin,3,0,41.2,56.4,47.6,42.2,59.7,46.8,16.4,71.4,30.3,59,66.2,71,65.1,39,52.8,71.9,38.6,40.9,75.7,61.5,53.5,76,76.4,71,39.6,61.8,67.2,51,54.6,41.1,52,54.1,41.8,23.8,40.3,36.9,56.5,27.4,51.1,72.4,64.5,41.1,55.3,22.3,55.3,69.3,69.1,36.7,35.7,60.5,46.8,46,57.7,69.3,36.9,64.4,59.2,71,40,63.4,36.7,62.1,51.1,37.5,72.1,71.6,36.4,48.2,58.8,86.1,72.6,35.7,56.9,76.5,39.9,52.9,18.8,72.9,30.8,53.4,54,29.3,50.6,62.8,78.2,55.8,77.4,53.3,35.9,47.4,41.3,51,61.5,65.2,41.6,42.5,28.7,71.8,47.4,41.4,20.9,48.5,49.1,41.8,64.9,40.8,53.9,37.7,32.1,26.6,71.2,53,47.9,39.1,49.7,66.1,42.7,41.3,49.5,43,50.1,35.6,88.8,46.8,70.4,46.8,47.3,47.3,41.3,69,73.9,53.2,68.6,37,51.5,66.5,55.2,76.1,75.6,49.9,63.7,48.4,53.8,34.8,31.1,41.9,65.4,73.2,48.5,55.7,39.8,27.6,82.9,36.1,51,24,61.9,38.2,33.4,54.9,67.8,51.1,68.2,72.2,61.9,57.2,44.1,50.6,69,34.4,59.4,62.5,27.2,74,68.1,70.2,31.5,52,50.3,46.3,64.6,64.8,72.9,64.6,39.4,52.9,34.3,57.7,69.8,57.2,39.9,59.6,71.3,51.6,39.9,39.6,70.2,44,54.6,52.5,35.7,60.6,76.9,53.9,55.8,47.9,46.2,51.3,55.6,41.2,50.2,46.3,48.2,33.8,51.2,66.6,66.5,60,38.9,39,56.8,52.4,56.6,32.4,74.1,63.2,50.1,43.8,38.5,62.9,59.2,35.4,71.1,49.5,61.3,39,73.1,44.8,46.7,61.5,46.5,61.3,43.4,82.4,60.3,33.5,25.5,52.6,46.4,61.8,64.5,56.7,44.5,28.1,63.3,42.4,23,33.5,61.5,33.4,52.9,56,78.1,31.4,19.7,54.4,33.2,57.6
229,229,Harry Potter,George Weasley,Gryffandor,2,0,7.5,91.6,11.2,29.6,25.1,36.2,58.6,91.8,73.5,37.1,63.4,28.2,84.5,48.8,89,79.1,37.8,86.4,12.5,58.8,43.7,38.5,80.9,32.5,30.6,63.5,12.1,9,9.3,12.6,46.2,44.3,36.3,9.3,33.4,56.3,69.7,42.7,12.3,29.1,87.1,8.4,41.3,20.1,28.6,44.8,13.4,49.8,92.9,81.2,80.2,37.3,45.2,19.6,80.5,34,40.6,43.5,13.6,88.5,59.2,15,21.7,60.9,21.6,60,23.8,22.8,15.6,21.9,72.1,9.7,7,33.3,28.7,68.3,52.4,34.2,77.6,60.9,49.4,80.5,67.2,84.1,51.8,60.5,25.8,56.3,7.4,88.4,28.9,41.3,25.7,57.5,6.2,77.9,72.6,66.5,79.8,35.1,47,84,84,44.9,22.1,84.4,12.7,64.6,70,47.5,23.9,12.7,51.4,34.3,14,65.2,83,75.7,82.6,79.8,32.8,34.9,23,80.5,94.5,86.4,84.1,56.5,13.2,28.5,20.4,15,8.3,92.4,32.7,78.9,48.5,27,39.9,47.8,30.4,10.4,26.3,64.1,28.5,50.3,71.4,31,76.3,84.6,42.4,65.6,23.5,79.9,81.8,35.4,79.2,88.9,21.9,32.4,64.5,60.9,65.6,17.5,23.6,13.3,61.4,17.2,44.7,84.6,13.7,53.1,30.7,58,42.7,70.7,70.7,64.9,75.6,79.3,30.9,89.5,65.8,30.7,57.4,23.2,30.4,60.2,61.8,62.2,79.6,58,63,16.6,39.2,51.2,27.2,86.8,63.4,19,37.1,27,52,29.1,71.5,48.2,40.4,55.9,67,34,79.7,10.8,88.4,74.7,59.5,16.8,35.1,13.9,27.3,26.1,52.6,27.9,12.9,16.5,50.9,35.2,79.7,30.2,77.3,31.5,43.2,69.2,66.5,89.3,32,69.3,13.4,75,65.3,72.1,71.4,74.1,83,57.4,17.7,69.3,70,48.4,56.2,43.3,51,75.7,79.9,28.6,24.5,16.5,24.4,52.3,71,72.5,89.7,24.4,25.9,46.9,42.9,29.2,58.9,31.8
230,230,Harry Potter,Alastor Moody,Gryffandor,5,0,77.6,88.5,76.5,12.7,75.6,31.8,41.5,23,88.2,81.1,83.4,72.7,40.9,50.2,76.6,86.6,36.7,15.9,28.6,82.1,28.1,15.7,64.5,15,72.6,23.4,54.6,19.9,29.1,38,27.6,16.9,62.1,68.1,70.9,22.4,77.4,36.5,28,78.3,46,22.5,69.4,47.3,23.4,62.8,65,37.9,56.7,26.9,61.4,50.1,35.7,87.9,42.7,22.2,16.1,27.4,75.8,71,36.4,19.2,66.7,37,38.6,26.1,40.8,31.3,51.8,84,33.9,63.2,38.1,68.9,61.7,20.7,39.4,40.9,62.5,44.8,62.5,82.6,60.1,50.1,19.5,38.6,23.6,22.7,38.3,52.2,55.9,76.5,31.7,38.3,54.9,81.9,61.4,17.2,52.2,55.7,36.8,84.6,78.6,87.8,19.5,63.4,81.3,32.6,42.4,56.1,45.3,72.4,64.4,14.1,48.3,74.6,26.9,65.7,22.4,78.2,31.8,61.9,58.6,85.5,33.3,33.7,78.3,83.9,70.8,14.8,29.3,65.3,30.1,80.4,19,80.5,82.8,25.8,21.6,52.8,15.2,34,19.9,77,18.1,67.8,83.5,77.1,85.9,79.8,55,63.1,79,31.3,78.4,81,75.2,71.2,75.2,28.3,29.7,18.5,14.7,80.5,9.5,15.1,46.5,24.5,79.3,89.5,52.8,57.4,62.8,86.3,49.5,71,59.7,80.3,50.6,31.9,43.1,61.3,19.9,74.5,68,64.4,76.2,37.7,47,79.5,65.2,23.5,76.2,41.8,69.6,26.3,50.7,84.7,23.5,19.9,26.3,27.9,44.6,33.3,79.5,38.3,32.5,38.8,73.3,38.6,26.7,81,39.3,70.5,25.4,49.7,57.8,17.7,48.6,32.9,43.7,57.5,70.6,18.3,24.1,55.3,66.8,39.5,47.9,35.7,32.9,53.9,66.7,65,64.7,31.9,64.8,40.9,73.5,44.9,43.3,53.5,59.8,72.7,63.3,63.4,51.8,43.3,49.2,55.1,54.2,54.9,71.4,56.4,19.8,53.7,21.1,26.2,35.8,35.5,46,40,37.8,17.9,35.9,39.2,26.7,42.5
231,231,Harry Potter,Remus Lupin,Gryffandor,6,0,66.5,55.1,74.5,29.1,47,72.3,19.9,58.2,67.9,51.9,73.8,68.2,38,78,49,64.7,72.6,30,29.7,55.6,23.3,53.2,24.7,47.3,32.2,19.4,69.4,10.6,31.2,27,81.2,14.4,63.2,74.5,62.1,42.1,81.6,78.1,12.8,35.6,28.5,41.6,51.6,63,42.5,58.9,68.5,54.6,39.1,23,38.6,53.4,50.7,77.6,38.7,26.9,56.3,67.9,81.4,25.8,30.6,50.2,26.5,67.2,29.1,22.8,74.8,51.4,27.1,62.5,27.3,74.9,26.9,51.9,71.1,71.3,22.2,55.6,81.7,58.2,32.6,64.8,39.3,86.8,40.1,63.4,30.9,33.6,56.7,48.4,56.3,54.1,37.4,37,38.1,54.6,69.4,58,61,41.6,51.1,79.2,82.4,61.9,49.6,42.5,53.4,32.8,48.8,75.7,54.1,41.2,64.3,21.4,41.2,48.9,26.8,72.8,62.5,58.8,74.3,52.3,80.2,46.8,71.4,39.2,37.8,57.7,26.2,41.1,27,60,32.4,70.3,16.1,74.3,78.7,29.8,45.8,53.8,47.4,21.3,53.6,39,11.8,69.4,84.9,34.3,66.9,63,63.7,42.7,70.5,80,65,85.6,66.7,36.3,58.5,38,67.3,20.9,32.1,33.1,21,39.5,37,57,62.8,81.2,19.4,60.5,62,81.8,43.5,65.3,54.7,26.3,78.9,64.2,23.5,83,62.4,33.3,46.2,82.6,65.6,67.1,43.7,65.3,55,34.9,72.4,44.3,23.7,57.2,28,66.6,30.7,16.4,65.4,40.9,40.6,19.3,83.9,71.2,35.7,23.3,59.9,40.5,57.4,73.9,29.1,73.6,34,27.7,40.4,22.6,58.9,34.5,24.2,30.5,61.9,37.7,19.9,25.2,84.6,45.2,57,28.2,17,34,44.1,81.5,34.7,47.4,53.5,44.2,71.8,33.4,63.1,68.4,76.1,78.4,27.8,38.4,33.8,74.6,56.9,47.1,38.4,57.5,41.2,39.5,27.3,55.8,20.5,39.2,41.1,63.3,47.5,67,40.9,29.2,39.2,33.4,52.6,20.5
232,232,Harry Potter,Arthur Weasley,Gryffandor,1,0,36,63.8,24,30.2,59,70.7,25,73.2,62,25.9,50.2,61.1,70,87.9,61.8,70.1,76.7,55.8,35.8,47.7,47.8,71.3,34.3,65.5,19.2,38.9,53.5,6.9,31.8,16.1,85.7,18.1,66.1,22.3,47.4,70.9,62.5,86.1,10.9,49.8,64.5,52.1,62.1,46.4,62.1,27.5,48.3,57.4,57.9,23.7,46.9,48.8,57.3,33.4,55.2,44.9,67.4,81.5,34.9,52.1,36.4,42.2,19,83.8,54.7,24.5,54.2,16.3,38.1,68.4,62.5,33,17.8,55.3,38.4,83.8,14.7,39.3,86.5,54.7,16.7,53.6,30.1,93.1,53.5,59.4,19.5,32,30.1,59.4,75.3,29.3,48.3,68.4,19.6,42.3,80,72.2,74.6,53.1,51,58.8,67.5,49.5,66.5,60.5,18.2,65.7,62.9,78.3,55.1,27.5,70.6,35.8,56.2,12.7,73.7,78.4,82.5,66.5,81.3,17.2,79.5,38.4,85.9,71.8,54.8,42.9,13.2,54.3,28.5,35.4,29.7,57.9,30.7,69,36.1,23.8,68.3,52.7,48.5,32.9,63.3,61.5,31.2,60.9,43,65.8,59.7,74.3,53.5,53,56,85.7,42.4,65.6,51.4,54.7,53.4,43.7,68.7,74.5,54.2,17.9,25.9,55.5,42.1,60.7,72.2,50.8,16.7,30.7,52.8,64.5,27.4,79.2,51.9,26.5,89.8,76.1,32.3,87.8,70.8,51.5,42.5,60.3,37.4,78.4,51.6,45.6,51.6,48.2,62.8,29.2,20,63.5,24.9,63.4,20.5,30,57.8,52,66.5,39.2,61.3,71.6,32.1,34.9,70,35.9,75.1,30.5,48.9,69.6,26.1,27.1,29.6,17.4,46.3,24.8,38.2,16,26.5,34.4,50.2,30.6,81.6,42.1,58.5,36.5,33.2,34.7,72.6,80.8,41.1,60.5,58.6,72.3,78.7,55.7,80.1,53.9,80.6,74,27.1,68.5,41.7,83.6,34.3,46.8,44.9,61,65.4,24.4,53.2,39.8,26,42,76.9,48.2,63.8,67.1,44.5,30.9,39.8,37.1,54,29.1
233,233,Harry Potter,Cornelius Fudge,Slytherin,3,0,81.1,53.9,67.7,29.9,73.2,42.6,32.3,28.3,27.8,78.6,66.4,74.9,35.1,27.9,31.4,45.2,25.6,15.9,83.9,78.9,39.9,57.2,57.5,56.6,72.7,81.5,68,72.2,90.1,74.1,33.5,60.7,55.7,54.6,48.2,29,24.2,15.8,72.8,84,45.1,52.4,52.7,41.4,76.9,62.7,83.4,37.7,15.2,39.9,53.2,32.8,42.3,82,30.9,69.2,42.8,54.2,57,58.6,10.9,69.5,80.3,22.5,79.3,61.1,30.3,36.5,60.8,86.6,67.1,44.8,86.9,78.4,49.2,23,34.8,68.2,19.4,64.8,71.7,30.1,45,31.6,67,57.2,82.2,46.5,55.8,26.4,46.2,62,87.1,64.3,84.1,29,15.3,43.5,34.7,75,13.6,20.8,17.7,53.8,70.8,28.4,64.5,33.3,23.3,21.9,78.6,84.5,46.2,64.1,73.1,61.4,31.2,23.4,21.5,55.4,39.3,39.5,82,52.4,32.8,28.8,51.1,48.9,76.5,62.6,74.5,78.8,89.7,18.9,81,70.2,40.9,82.9,73,46.2,54.5,79.5,39.6,43.7,61.3,38.7,37,75,42.8,37.3,34.2,50.8,83.1,13.6,42.4,35.1,43.9,42.6,64.1,71.1,56.2,65.2,74.7,85.3,75.3,79.5,57.2,55.2,31.5,21.2,87.8,55.5,51.4,54.4,39.3,80.6,26.3,77.3,24,31,84.4,26.6,44.8,83.4,62.9,46.2,36.3,38.7,58.6,47.8,28.7,46.5,41.7,86,72.6,46.9,82.9,16.7,49.4,69.6,34.1,64.7,79.5,70.9,23.4,31.7,62.6,71.1,28.5,36.7,25.3,56.1,39.8,31.5,36.7,80.3,78.7,60.3,46.9,46.5,65.9,72.7,79.3,58.7,71.9,83.3,27.5,66.9,16.9,64.4,79,47.3,69.6,17.8,79.5,21.7,78.4,28.2,24.4,75.2,21.8,34.8,16.6,59.5,80.3,43.2,27.2,26.2,50.3,76,79.4,23.7,47.6,32.5,68.6,75.9,35.6,35.7,52.4,19.8,18.5,33.1,82.3,42.3,18.7,70.8,23.8,77.7
234,234,Harry Potter,Dolores Umbridge,Slytherin,4,0,87.4,91.5,45.1,81.8,67.6,32.4,33.1,3,21.5,95,81.8,69.5,43.9,8,27.3,82.7,9.1,7.6,68.8,75.9,46.3,10.1,77.9,10.1,97.4,80.5,51.5,78.8,78.3,69.1,9.3,17.1,69.5,34.8,47.8,17.8,32.3,4.5,95.7,93.1,47.5,26.2,87.3,49.7,43.3,51.5,91.3,49.4,6.6,26,55,45.2,32.7,86.6,14.5,60.2,5.5,23.2,55.4,74.3,8.9,42.9,95.5,8.8,44.9,77.1,15.2,82.4,91.1,85.4,69.5,29.2,90.9,70.9,89.6,5.9,29.5,71.3,6.6,54.1,95.6,89.9,51.4,2.9,36.7,45.8,86.2,58.8,32.5,30.9,37.9,85.8,83.4,19.3,92.3,49.4,21.3,7.3,76.3,73.5,7.8,44.5,18.5,69.6,29.7,38.1,69.2,28.4,22.3,11.2,74.5,97.1,56.5,38.3,77.4,74.3,36.3,14.5,6.9,76.9,22.8,77.8,89,94.3,7.3,49.5,81.2,83.1,95.7,12.3,36.5,75.7,96.2,21.8,71.2,89.2,54.1,81.5,29.7,55.1,43.3,76.7,14.5,31.2,49.1,55.1,20.3,78,67.6,10.7,83.6,46.4,86.1,4.1,81.5,23.4,37.7,50.1,73,79.6,41.2,72.3,43.8,95.6,90.6,41.3,71.8,59.5,79.3,26.5,96.8,46.4,36.9,67.6,30.7,80.4,20.3,87.2,5.8,16.3,94,6.5,13.8,84.8,60.8,41.7,32.9,43.5,56.1,39.2,32.1,50.8,60.4,78.5,94.4,40,90.6,31.6,13.7,44.1,8.4,62.2,85.4,70.9,33.8,8.7,55.4,74.4,38.3,45.9,8.3,63.4,16.8,56.2,43.4,92,91.6,12.9,48.6,46.6,57.6,90.4,85.2,20.6,39.9,76.8,7.2,74.9,16.5,22.3,92,24.9,78.3,7.7,89.3,14.1,90.6,16.4,22.3,70.7,11.2,29.6,4.1,64.8,90.1,39.6,40.9,3,59.3,84.9,79.5,30.9,31.4,42,30.3,78.6,22.3,30.5,20.1,10.7,18,36.2,65,49.3,22.8,72.1,12.9,88.9
236,236,Harry Potter,Moaning Myrtle,Ravenclaw,3,0,38.3,50.5,91.1,82.2,88,24.6,41.2,43,62.8,72.1,35.9,41.5,87,38.7,86.7,87.5,37.3,13.9,61.4,44.8,9.8,36.7,71.5,59,77.4,68.8,25.4,39.8,42.7,34.8,25.2,46.4,28.4,16.8,7.5,6.1,40.1,33.7,45.9,70.5,83.4,15.3,81.1,31.9,27.2,67.2,39.4,45.6,71.9,69.7,80.4,24.8,55.5,57.1,62.6,69.7,41.7,37.5,40.2,84,59.8,87.6,63.1,39.8,51.7,48.6,26.1,81.2,70,43.6,86.9,64.7,58.4,91.4,22.4,21.6,8,41.1,31.2,39.1,60.8,39.4,55,52.3,49.7,73.4,45.2,23.2,47,60.4,55.3,25.8,55.9,82.5,54.3,72.1,71.2,57.2,44.2,36.7,21.8,55.6,33.2,69.8,32.5,26.1,89.7,14.7,21.9,37.1,80,72.1,71.1,21.5,34.5,70,9.3,14.7,24.5,52,29.3,50.8,89.9,84.3,27.9,11.6,18.4,23.5,70.2,43.8,56.6,26.9,68.8,72.8,63.4,48,66.1,39.5,74.9,52.4,90.2,64.7,19.6,68.5,52.2,80.3,81.9,41.7,67.2,75,28.1,33.7,85,24.5,65,11,77,55.5,51,35.8,78.8,42.8,75.2,42.9,35.5,23.3,68.1,25.4,50.9,28.8,67.9,55.7,8,27.4,51,72.8,21.6,86.1,34.7,32,80.7,61.6,57.9,53.8,29.3,15.9,35.8,43,65.3,48.3,49.2,54.8,56.7,76.3,67.2,33.4,65,68.5,66.3,67.3,16.1,38.4,82.2,51.8,37,23,38.3,46.9,68.1,41.9,22.1,74.8,50.1,37.5,47.1,49.7,65.6,28.7,44.5,55.7,69,64.5,88.1,18.8,56.5,34.1,60.5,22.7,77.2,71.9,54.5,53.7,52.2,54.4,68.6,20,76.9,16.2,63.7,42.3,23,93.9,40.1,73.7,64.1,47.6,52.8,34.7,47.5,73.8,53.6,58.8,54.9,29.6,40.5,59.3,24,34.4,51.9,28,64.4,39.4,74.2,52.8,47,69.8,25.9,65.2
237,237,Harry Potter,Rita Skeeter,Ravenclaw,4,0,49.5,90.2,42.9,83.4,46.9,22.2,30.7,38.5,29.4,90.5,84.6,37.9,73.5,9.7,60.1,73.1,7.7,25.8,43.4,82.3,59.9,15.6,83.7,17.4,86.9,69.3,32.4,87.1,38.8,28.8,12,26,24.5,11.3,54.8,24.3,46.3,8.9,84.4,69.4,60.7,9.4,82.2,24.3,24,65.5,78.3,34.7,40.9,45.6,71.9,40.6,56.1,71.4,41.9,61.6,14.5,35.2,24.7,83.9,19.6,29.1,75.3,14.5,17.3,81.1,19.6,51.2,65.3,61.6,73.1,13.7,50.5,57.6,71.5,11.8,32.2,51.6,10.3,68.5,82.2,87.4,71.5,17.7,53,79.9,72.5,74.8,17,75.3,23.8,83.2,59.3,26.6,67.4,77.5,28.5,15.3,80.3,41.7,11.2,52.2,29.7,54,17.5,51.1,66.9,48.2,57.3,14.6,32.9,63.8,20.1,64.3,32.3,76,42,25.4,15.4,73.1,14.8,66.7,78.4,83.1,33.5,62.3,81.3,78.7,84.9,14.7,25.8,37.7,49,77.3,55.9,89.4,60.4,77.1,31.3,49.8,24.5,50.8,14,39.3,44,53.1,48.8,39.5,83.6,33.8,47.9,44.3,37.3,7.2,76.3,5.6,76.8,73.6,77,32.8,44.5,52.6,30.9,93.1,88.6,22.9,82.2,14.3,71.4,68.9,80.5,64.2,13.8,66.2,54.1,79.3,28.8,83.3,13.4,30.6,85.3,15.1,16.8,58.7,74,23.6,44,44.1,77.7,69.7,64,64.2,52.8,53.5,88.7,24,87.8,60,15.9,31.5,19.9,45.7,66.7,76.5,44.3,17.2,80.4,68.3,20.3,34.5,25.2,32.8,38.1,62.3,61.7,68.8,85.2,14.9,34.3,50.8,65.3,86.5,76,27.6,41.4,63.8,24.5,46.1,49.4,48.7,88.8,48.1,72.4,18,82.3,19.2,81,39.6,15.9,74.6,22.3,54.3,19,71.9,68,43.9,58.9,12.7,32.4,87.5,64.5,46.3,31.7,29.5,40.7,39.1,31.8,38.2,42.4,32.3,63.4,35.6,41.2,58.7,33.7,64.4,27.4,77.3
238,238,Harry Potter,Dobby,Slytherin,1,0,43.2,50.5,58.9,47.7,60.7,59.7,48.9,51.9,77.1,30.6,27.7,31.2,80.7,80.2,66.4,80.1,81.1,16.3,23.8,37.3,35.2,65.6,30.3,80.8,23.3,40.7,43.9,8.7,30.4,21.6,81.8,11.2,76.1,27,17.8,29.1,53.1,89.1,11.9,65.9,74.7,35,78.4,58,50.1,67.8,51.7,56.9,66.8,17.6,72.4,47.3,41,49.3,63.8,46.6,78.2,61.8,34.8,57.1,45.2,73.1,27.5,85.7,37.5,19.2,46.6,44.8,95,66.2,59.2,52.9,31.4,88.9,56.4,76,20.2,31.8,88.8,38.8,21.5,41.2,19.1,92.3,67.3,68.8,14.7,23.1,55.5,68.5,74.1,26.4,43.4,75.1,36,54.5,84.4,78.1,74.9,52.6,26.1,85,63.5,55.1,53,63.2,49.2,39.1,23.9,83.3,77.2,52.1,76.6,22.3,31.6,68.4,49.5,71.5,85,62.9,89.2,40.9,67.1,72.2,78.5,50.4,26.1,25.3,14.9,60.2,19.2,40,33.6,53.3,35.9,71.8,40.6,14.9,77.7,44.9,76.5,25,62,67.6,48.2,67,63.7,21.1,51,59.3,38.1,51.5,70.3,78.8,66.9,51.4,72.9,78.7,80.4,40.6,86.5,46,64.5,30.2,15,44.2,40.6,50.2,58.9,52.2,34,54.9,19.6,29.3,64.8,41.1,37.7,56.2,81.8,65.1,24.1,91.8,78.9,40.7,25.3,35.5,33.1,63.8,68.8,36.1,63.8,37.9,56.3,40.1,20.1,57.6,32.2,67,20.5,31.6,47,42.9,63.5,20.5,65.3,50.5,32.1,33.7,80.2,49.8,78.3,49.8,57.1,71.4,31.5,29.8,24.4,13.9,62.6,27.6,49.5,17.6,45.5,26.9,45.5,21.1,86.3,32.1,60.4,43.8,24.1,41.7,41.1,87.3,19.8,57.2,34.7,45,72.9,32.9,75.8,74.4,83.5,65.4,24.5,68.3,61.6,87.2,70.2,57.5,67.3,76.3,68.9,32.2,39,43.7,21.1,26.1,63.4,47.1,54.5,77.9,44.4,43.3,55.7,25.5,44.8,27.2
239,239,Harry Potter,Bellatrix Lestrange,Slytherin,2,0,40.3,95.3,64,67,52,19.9,68.8,20.8,78.1,86.6,89.5,25.2,82.9,8.5,95.4,92,9.4,23.2,18.1,43.1,44.2,5.4,91.8,21.5,96.1,66.9,8,41.4,21.6,53.7,9.5,21.5,16.7,26.6,15.7,5.7,61.7,7.5,94,54.3,84.7,3.9,87.4,17.5,7.7,51.9,31.7,32,85.6,70.2,88.9,45,33.7,70.4,66.3,23,12.2,9.7,40.6,91.6,31.7,23.6,90.1,8.1,14.4,82.2,10.5,81.3,61.7,51.9,77.3,17.5,29.5,74.3,30.9,5.6,61.5,60.2,9.7,46.9,94.3,90.9,60.3,4.1,20.8,60.4,72.5,61.7,12,79.5,30.4,84.9,23.4,35.3,51.6,94.6,26.2,8.3,75,52.5,12.8,84.7,75.6,88.7,7.6,44.9,61.1,24.2,29.4,14.7,54.8,65.8,38.8,12.3,5.9,79.3,33.3,16.1,7.5,83.8,19.8,83.3,40.5,96,14.1,33.3,82.7,80.3,91.1,10.9,19.8,31.8,17.6,76.2,29.3,90.3,76.2,75.4,29.3,48.2,30.7,31.7,9.3,66.8,29.9,71.3,92.2,40.1,73.8,85.1,61.9,54.1,61.1,11.3,94.6,35.6,84.3,83.8,63.2,30,70.5,32,55.4,80.8,27.5,5.2,80.5,8.4,61.6,85.5,82,59.6,15,58.7,62.9,63.8,60.4,92.9,6.9,27.1,64.5,15.8,10.8,46.2,67.4,20.8,29.6,32.1,69.7,60.7,80.2,39.9,76.6,67.9,86.3,31.1,74.8,77.6,30.7,30.6,10.4,20.7,30.7,36,77,13.4,60.9,62.4,32,46.5,14.5,59.2,59.7,66.9,75.6,55.5,78.8,12.5,22.4,46.3,54.3,90.1,75.5,10.8,28.7,39.8,20.7,32.4,71,36.2,55,74.6,75,29.5,76.5,30.8,39,35.6,32.5,51.3,23,85,32.7,44.6,70.6,64.6,85.2,8,63.3,79.1,56.5,49,54.2,57.7,11.4,23.1,10.4,33.9,14.3,48.3,68.6,20.8,28.3,30,20.1,52,27.2,56.7
240,240,Harry Potter,Nymphadora Tonks,Hufflepuff,2,1,20.9,88.3,33.9,56.1,43.9,51.8,56,76.6,77.1,44.2,73.1,19.5,83.5,69.4,81.7,82.4,44.3,62.3,11.8,39.7,34.8,24.5,79.5,19.3,50.2,39.6,21.3,10.7,11.2,20.2,52.9,23.4,36.8,26.3,33.5,30.2,76.3,58.5,14,19.6,74.5,17.4,49.7,32.8,18.2,40.5,19,55.1,87.1,56.6,78,39.4,47.3,43.2,76.8,18.7,26.6,49,38,77.4,29.6,21.4,27.7,60.8,16.7,49.9,43.5,83.7,58.4,22.5,63.9,25.8,9.7,52.4,41,58.1,41.1,46.3,81.4,51.6,41.8,82,58.7,85.1,30.3,67.4,32.9,77.7,16.9,85.3,38.3,40,12.8,60,17,78.4,61,41.7,74.5,32.7,44.4,89,87.8,70,16,85.3,27.7,70.4,63.4,54,33.7,20.8,34,20,29.8,48.5,61.4,69.9,63.4,81.6,52.6,53.7,30.1,79.2,74.5,67.5,75.9,70.2,25.7,17.8,15.6,20.3,9.4,86.9,18.2,84.8,75.4,29.4,24.8,54.6,35.6,13.5,18.3,64.1,17.6,73.6,81.1,39.7,75.1,80.1,48.5,60.7,20.3,81.7,77.1,64.9,74.5,79.2,52.7,17.2,55.8,26.3,17.5,38.5,25.5,14,44.6,24.9,51.7,87.6,12.9,70.4,43.4,65.2,68.6,33.4,80.7,73.8,76.2,69.6,20.7,81.2,38.3,20,64.1,43.4,29.1,53,54.5,72.3,83.9,58.3,71.5,10.4,33.2,36.1,28.1,87,35.3,21.9,39.1,23.1,29.3,40.6,77.9,51.7,70.3,34.9,39.7,46.6,55.7,41.9,65.1,82.9,49.8,14.9,35.8,13.1,31.2,39.1,41,32.9,34.6,20.1,29.7,10.1,86,20.4,76.7,28.6,26.8,57.4,64.6,82.1,33.1,64.6,18.8,70.8,73.1,38.3,67.8,70.8,80.3,51.6,27.7,64,86.9,51.5,48.9,46.7,61,85,63,49.4,18.6,28.3,20.1,54.6,34.3,77.3,80.2,48.1,20,34.1,49.9,34.8,66.6,28
241,241,Harry Potter,Sirius Black,Gryffandor,5,0,43.5,88.4,64.5,21.6,21.1,55.3,47.9,72.1,75,54.8,72.5,32.3,50.5,69.2,76.1,68.6,38.4,41.7,12.6,58.8,17.9,28.4,62.2,20.8,54.2,35.5,31.4,8.6,20.6,25.4,57.3,22.3,41.5,56.5,37.4,31.9,77.5,52,14,20.9,57.3,18,62.8,37.8,22.6,60.7,34.6,49.4,81.1,54.6,71.5,43.3,46.7,70,67.6,18.5,32.5,50.5,62.8,51.5,31.6,22.6,27.9,55.7,20.1,45.7,51.2,66.6,31,53,39.7,46.6,16.8,49.9,49.1,54.8,63.7,49.8,75.6,60.6,39.8,81.2,52.9,80.8,32.9,70,41.7,55.9,27.1,75.8,37,68,21.7,31.9,26.6,79.3,47.9,47.6,57.9,39.7,30.1,86.1,86.4,68.4,20.5,57.4,46,47.1,39.8,51.8,59.6,31.8,46.3,21.5,19.7,60.6,31.8,63.8,54.6,83,60.2,54.3,39.1,76.6,66.9,41.8,73.5,63.2,29.1,20.7,19.7,35.9,10,91.4,17.1,83.4,82.1,40.5,20.8,48.8,38.8,11.5,32.8,51.6,17.5,74.4,87.7,37.8,75.9,75,51.2,54.6,56.8,71.7,78.4,81.5,82.6,77.2,52.2,18.8,50.3,18.3,18.4,20,18.7,16.9,52.7,25.1,49.5,88,28.1,66.3,46.5,84.1,53.8,63.8,68.3,49.7,77.3,67.7,18.5,87.2,43.5,22.4,52,54.2,49.5,60.3,49.9,72.9,62.9,40.6,61.7,40.5,33.8,37.6,27.1,79.3,46.5,20.2,52.4,23.1,20.8,12.3,85.3,58.7,47.1,28.6,43.7,37.3,58.7,61.3,57.7,77.5,45.7,27.6,44.7,11.8,42.2,39.2,39.9,30.8,52.9,27.8,22.1,26.1,87.4,33,68.9,22.9,19.5,65.4,41.2,88.7,31.5,62,21.5,50.1,73.6,36.6,67.9,83.1,86.9,65.5,25,63.9,71,70.5,67.1,39.5,29.4,52.6,39.7,46,16.7,37.2,18.9,32.2,32.1,77.3,60.7,55.2,21.1,26.1,32.8,38.2,57.5,21.3
110,110,Dexter,Rita Bennett,Hufflepuff,1,1,49.2,30.1,36.8,93.8,36.6,78.7,54.4,65.4,26.2,21.2,21,21.4,71.3,81,37.4,29.8,83.1,44.7,61.6,28.1,18,83.2,23.2,83.1,15.2,63.1,68.7,13,58.9,44.5,86.7,21.8,61.8,50.9,18.2,52.6,37.7,84.8,19.8,12.8,59.2,80.5,43.2,66.3,77,34.8,57.9,49.5,38.4,29,52.3,59,48.5,57.5,57.8,60.2,74.4,88,61,21.6,77.9,71.9,25.6,81.5,67,30.3,73.3,58.1,72,30.7,51.9,58.3,43.4,61.4,60.4,83.8,34.5,46.5,79.9,75.4,12.3,28.6,21.1,90.1,54.6,76.9,37.8,68.5,63.6,43.3,70.3,40.5,74.7,52,51.5,26,66.9,84.5,61.6,47.8,42.2,34.4,42.1,24.6,70.5,44.4,21.2,70.3,32.4,76.9,75.9,40.3,62,69.2,73.3,16.6,57.4,64.2,86.1,39.2,88.2,13.9,68,23.3,76.5,60.3,32.1,22.2,16.7,75,28.9,54.3,65.3,25.8,44.1,49.8,38,37.1,80.6,48.8,75.1,44.1,72.8,36.2,53.4,56,23.5,25.4,20.9,39,50.8,64.9,42.1,78.8,23,74.4,40.3,64.2,46.6,62.7,80,78.8,73.6,10.1,81.1,75.1,37.6,79.5,39.8,28.3,36.5,43.8,46.2,27,17.2,89.9,33.6,19,85.3,75.6,44.5,85.4,84.9,11.5,14.7,60.9,26.6,70.2,67.5,25.8,23.8,67.1,33.9,45.1,18.9,64.6,31.6,24.5,36.2,63.5,72.1,67.7,56.2,33.1,40,73.2,52.9,38.2,59.6,38.8,69.1,44.1,30.4,63.9,34.9,47.2,25.4,27.4,50.3,30,38.2,18.9,41,68.4,79,27.7,79,62.4,61.5,53.5,33.3,43,49.2,81.5,25.3,50.2,34.9,47.8,60.1,48.6,66.9,56.8,83.2,62.5,31.8,36.8,56.4,77.9,56.8,62.9,39.5,63.1,26.3,20.8,68.4,48,42.2,53.6,83.8,50.5,46.9,85.9,63.6,73.8,46.2,44.6,71.9,28.4
134,134,LOST,Hugo 'Hurley' Reyes,Hufflepuff,1,1,16.6,42.7,28,38,62.6,61.7,34.8,86.5,74.3,24.1,23,28.4,80,86.5,66.8,72.4,87.4,66.8,56,35.3,45.6,87.2,31.1,81.2,12.9,51.2,63.4,9.9,29.9,27.7,84.4,54.4,65,22.7,22,51.1,50.2,88.4,10.6,56.9,74.9,60.3,53.6,33.6,66.6,31.9,36.6,66.8,74.8,65.4,66,42.7,64.2,31.8,64,44.2,80,70.4,33.4,55.4,78.2,74.6,13.3,83.9,76.9,52.1,53.7,50.4,39.9,25,53.3,50.6,27.5,67.5,23.9,88.6,10.7,25.1,83,51.8,14.6,23.5,33.3,95.2,64.5,60.4,21.8,20.6,40.7,61.6,69.4,24.6,40.4,82.2,10,48.7,33.5,86,68.8,38.1,63.9,66.1,72.3,50.4,59.4,50.7,26.8,47.1,55.9,81,51.9,23.6,68.5,37.6,57.4,69.9,66.2,70.9,88.8,41.9,70.9,20.1,75.6,38.4,89.8,54.7,24.2,21.8,8.4,77.5,71.8,27.4,45.5,37.7,50,31.2,43,26.7,83.1,51.6,78,27.1,69.5,77.9,43,60.9,64.6,91.2,65.2,80.3,36.6,55.3,34,86.6,36.1,51.8,67.2,70.1,16.9,44.8,83.6,68.7,72.6,15.7,10.6,68.4,50.9,59.4,47.6,46.1,19.3,41.7,38.4,27.4,31.3,67.8,44.3,40.6,88.7,78.7,30.7,89.7,82.2,46.5,25.4,31,34.1,74.5,58.6,43.2,63,52.4,38.7,34.1,14.3,77.7,21.8,63.3,74.5,42.9,54.9,57.4,74.4,34.7,51.5,65,71.4,42,49.5,19.6,77.2,38,74.9,49.5,55.9,26.7,13.5,32.9,48.4,34.6,48.2,6.5,30.4,36.9,76,20.4,84.8,31.6,76.2,59.7,17.4,73.3,55.5,86.4,35.6,59.3,31.3,77.9,51.4,58.1,73.7,67.1,72.3,63.4,23.4,68.1,62.7,90.6,40.5,31.6,63.4,66.8,73.4,47.4,59.8,42.8,29.6,34.4,76.5,29.9,75.6,51.8,85.9,66.1,76.5,35.3,35.7,32.2
249,249,The Hunger Games,Peeta Mellark,Hufflepuff,1,1,60.4,35,55.1,35.2,47.2,77.2,48.3,62.7,51.2,25.8,26,23.2,57.3,78.7,28.4,35.6,77.3,37.3,46.7,49.8,42.8,76.5,18.9,74.9,19.3,43.7,71.5,14.2,32.8,34.5,85.1,17.2,62.1,62.1,29,57.7,58.8,82.2,14.9,24.1,41.2,75.7,61.6,69.7,82.6,36.4,67.6,59.8,39,19,41.8,56.3,50.3,45.5,37.5,45.6,75.3,79.7,62.5,19.9,53.2,65,23.2,80.3,50.5,24.3,76.5,26.7,66.2,18,41.5,66.1,32.5,52.4,74.7,80.7,37.4,43.7,82,68.1,18.5,43.7,25.7,89.9,53.6,63.1,25.8,43.7,68.4,42.4,65.1,31.2,69.7,50.3,43.6,32.9,74.6,76.1,64.6,53.4,40.8,44.8,55.3,36.9,77,40.6,30.6,64.3,40.3,76.3,63.7,39.7,75,58.1,57.3,37.9,42.3,51.5,78,52.8,84.2,16.9,55.7,29.5,70.9,52.9,33.4,29.4,17.9,69.5,27.9,48.7,52.9,41.6,33,66.4,41.2,26.4,75.3,47.1,73.2,33.9,73.5,48.6,31.2,56.7,27.3,53.2,40.2,30.7,61.6,60.7,49.8,76.5,34,80,49.4,72.6,51.3,68.4,79.3,68,72.2,19.6,55.4,73.8,35.9,73.7,51.2,43.4,33.2,34,47.4,34.7,22.2,73.3,37.6,24.4,82.8,74.7,44,84.3,76.2,24.5,31.6,57.8,43.9,68.8,57.8,42.7,35.2,55.2,59.4,52.1,18.8,66.9,32.6,32.4,25.3,33.3,67.5,56.8,70.7,27.2,44.6,74.2,27.9,33.1,75.3,42.9,62.1,54.7,34.6,62,27,42.2,34.1,26.6,55.2,44.8,33.6,19.4,53.1,66.3,51.4,26.9,82.9,52.1,64.6,42.8,28.4,34.7,36.9,74.6,31.7,46.4,53,45.9,72.8,53.4,63.9,49.2,71.8,58.7,32.2,63.8,48.8,83.2,48.2,55.6,51.3,45,55.6,49.5,46.7,57.1,54.4,35,80.8,57.2,40.1,79.5,34.4,38.3,70,37,61.3,35.1
345,345,The Simpsons,Ned Flanders,Hufflepuff,6,1,45.9,58,10.7,55.5,56,82.4,25,30.9,18.5,13.4,13.8,42.3,72.2,87.7,7.2,65.4,87.4,49.8,83.2,5.7,55.3,91.4,33.6,83.4,9,46.3,87.3,8.5,85,35.7,90.2,8.6,90.9,14.1,37.7,79.4,46.5,81.3,23,48.6,50.7,94.4,68.6,86.5,89.2,22.4,81.5,43.4,10.9,14.3,32.8,48.4,70.3,34.4,20.7,61.4,77.6,92,32.8,49.8,43.9,32,53,88.4,56.1,21.2,73.5,41.6,42.5,69.3,60.1,20.4,72.5,54.7,94,86.8,10.6,66.9,89.2,56.7,11.8,39.8,7.5,92.2,63.3,70.7,49.9,51.7,29.3,32.3,78.5,24.2,85.4,32.3,48.5,12.8,35.3,84.3,83.4,50,30.4,26.6,29,19.1,87.9,34.4,7.8,85.5,28,79.2,73.4,74.6,77.6,51.4,91.5,11.2,85,82.5,85.7,37.8,91.5,14.2,84.9,43.2,89.6,76.4,66.6,30.4,11.7,80.6,18,72.8,87.7,4.8,29,64.7,24.1,53.9,81.9,50,62.7,44.4,83.4,19.6,33.6,56,8,52.8,17.2,6.2,73.7,23,82.4,54.7,16,64.1,20.4,33.1,42.2,72.1,76.8,82.8,61.9,9.1,91.4,92.7,19.9,92,76.6,11.5,70.5,23.5,51.5,58.5,46.2,71,12.4,10.1,79.8,56.3,69.3,87,86,47.5,12.8,69.1,16.1,73.6,60.9,5.2,15.8,51.7,51.1,68.9,20.3,82.1,34,9.4,17.9,29.7,50.9,75.4,85.3,50.2,39.7,65.9,43.1,39.4,69.1,41.1,87.2,25.3,22.6,78.6,27,75.3,45.1,15.9,72.6,16,35.8,17.6,16.7,49.3,61.1,46.4,56.1,66.2,22.4,35.8,43.6,10.9,30.9,66.5,36.4,55.2,71.3,80.9,74.8,61,66.9,32,67.2,73.4,29.6,46.1,29.6,82.7,42.3,59.7,38.8,51.3,25.2,19.3,79.9,68.1,49.5,37.8,84.8,28.2,54,73.2,52.1,51.1,35.2,44.3,67.3,36.6
