,work,X,BAP1,BAP2,BAP3,BAP4,BAP5,BAP6,BAP7,BAP8,BAP9,BAP10,BAP11,BAP12,BAP13,BAP14,BAP15,BAP16,BAP17,BAP18,BAP19,BAP20,BAP21,BAP22,BAP23,BAP24,BAP25,BAP26,BAP27,BAP28,BAP29,BAP30,BAP31,BAP32,BAP33,BAP34,BAP35,BAP36,BAP37,BAP38,BAP39,BAP40,BAP41,BAP42,BAP43,BAP44,BAP45,BAP46,BAP47,BAP48,BAP49,BAP50,BAP51,BAP52,BAP53,BAP54,BAP55,BAP56,BAP57,BAP58,BAP59,BAP60,BAP61,BAP62,BAP63,BAP64,BAP65,BAP66,BAP67,BAP68,BAP69,BAP70,BAP71,BAP72,BAP73,BAP74,BAP75,BAP76,BAP77,BAP78,BAP79,BAP80,BAP81,BAP82,BAP83,BAP84,BAP85,BAP86,BAP87,BAP88,BAP89,BAP90,BAP91,BAP92,BAP93,BAP94,BAP95,BAP96,BAP97,BAP98,BAP99,BAP100,BAP101,BAP102,BAP103,BAP104,BAP105,BAP106,BAP107,BAP108,BAP109,BAP110,BAP111,BAP112,BAP113,BAP114,BAP115,BAP116,BAP117,BAP118,BAP119,BAP120,BAP121,BAP122,BAP123,BAP124,BAP125,BAP126,BAP127,BAP128,BAP129,BAP130,BAP131,BAP132,BAP133,BAP134,BAP135,BAP136,BAP137,BAP138,BAP139,BAP140,BAP141,BAP142,BAP143,BAP144,BAP145,BAP146,BAP147,BAP148,BAP149,BAP150,BAP151,BAP152,BAP153,BAP154,BAP155,BAP156,BAP157,BAP158,BAP159,BAP160,BAP161,BAP162,BAP163,BAP164,BAP165,BAP166,BAP167,BAP168,BAP169,BAP170,BAP171,BAP172,BAP173,BAP174,BAP175,BAP176,BAP177,BAP178,BAP179,BAP180,BAP181,BAP182,BAP183,BAP184,BAP185,BAP186,BAP187,BAP188,BAP189,BAP190,BAP191,BAP192,BAP193,BAP194,BAP195,BAP196,BAP197,BAP198,BAP199,BAP200,BAP201,BAP202,BAP203,BAP204,BAP205,BAP206,BAP207,BAP208,BAP209,BAP210,BAP211,BAP212,BAP213,BAP214,BAP215,BAP216,BAP217,BAP218,BAP219,BAP220,BAP221,BAP222,BAP223,BAP224,BAP225,BAP226,BAP227,BAP228,BAP229,BAP230,BAP231,BAP232,BAP233,BAP234,BAP235,BAP236,BAP237,BAP238,BAP239,BAP240,BAP241,BAP242,BAP243,BAP244,BAP245,BAP246,BAP247,BAP248,BAP249,BAP250,BAP251,BAP252,BAP253,BAP254,BAP255,BAP256,BAP257,BAP258,BAP259,BAP260,BAP261,BAP262,BAP263,BAP264,BAP265,BAP266,BAP267,BAP268
1,Jurassic Park,Dr. Alan Grant,73.8,70.5,56.6,14.5,42.6,76.9,31.3,32.7,74,59.2,71.5,90.1,32.3,74.2,31.8,44.6,55.9,28.9,33.2,81.7,63.7,52.4,25.8,24.9,32.3,21.6,70.8,12.3,56,18,62.7,12.2,64.3,75.2,77.4,62.6,82.8,55.8,11.5,25.8,19.1,61.1,67.5,70.8,69.2,22,73.7,43.1,35.3,17.7,37.2,37.1,44.2,72.9,30.9,25.8,30.5,71.8,72.7,36.6,65.4,21,47.3,70.6,34.2,25,79.7,37.5,36.6,61.9,24.9,61.5,40.7,35.8,79.7,46,30.2,58.7,72.3,69.4,28.7,72.8,46.8,79.9,21.8,35,33.1,44.3,49.9,43.9,46.8,58.6,65.8,25.5,53,50,50.7,37.2,60.7,73.8,48.7,71.3,74.1,67.8,60.6,76.1,56.1,86.8,36.1,61.4,69.2,60,66.7,36.1,70.7,69.1,51.2,57.6,48,65,55.5,30.5,66.8,39.6,56.9,61.4,74,74.5,50.7,26.4,15.1,70.3,35.9,62.2,11.2,83.9,49.7,38.5,23.8,52,30.4,29.4,46.2,50.4,11.4,64,31.6,47.9,61.3,50.4,80.5,64.3,75.2,43.6,44,81.5,41.7,34.3,60,16.1,18,59,20.3,71.2,22.7,47.2,18.1,73.3,60.6,69.3,43.7,37.6,77.5,85.6,17,83.4,47.3,53,74,75.9,28.8,76.1,33.1,32,55.1,72.9,67.1,63.2,38.9,73.2,35.5,26,82.1,54,47.3,44,33.8,39,13.1,13.7,70.5,58.9,43.4,17.3,82.1,75.9,27,34.8,67.3,29.2,49,65.6,23.4,76.3,32.5,57.3,56.4,15.8,55.1,30.6,27.3,33.9,51.4,53.3,21.7,45.2,71.7,71,44.8,34.1,38.8,35.6,35.3,81.4,47.5,50.5,60.6,61.2,81.1,34.3,64,41,76.5,69.1,41.5,48.7,22.8,72.6,27.9,30,36,31.4,72.1,37.7,37.9,51.9,66,44.6,50.6,60.4,45,62.5,15.8,15.7,74.2,33.8,45.6,22.7
2,The Lion King,Simba,19.3,77.6,30,25.5,32.6,66.9,71.3,78.8,62.3,19.7,24.3,25.9,82.2,74.7,71.4,45.3,39.4,66.7,20.2,41.9,53.3,52.6,64,39.1,38.9,66.5,19.8,15,30.8,12.5,61,44.5,48.5,22.3,20.6,34.1,48.1,44.9,10.9,18,73.7,24.6,45.5,33.1,67.9,26.2,21.2,53.1,85.9,71,75.6,45.5,44.1,38.8,71.8,34.6,45.3,61.5,30.8,76.5,62.4,43.3,35.2,80.8,27.5,61.3,45.1,12.1,63.4,12.2,74.6,21.8,15.4,60.3,33.2,67.2,72.7,55.9,58,72.7,23.5,47.2,40.2,89.4,52.1,70.7,62.5,60.1,14.7,79.9,55.8,39.2,51.3,64.6,22.5,55.3,25.8,69.4,65.5,56.7,37.1,74.6,73,43.6,48.8,73.2,30.5,88.7,42.7,45.1,65,28,53.3,61.6,47.5,46.4,70.6,60.9,78.2,65.7,71.2,56,15.2,56,77.2,72.8,53.2,32.6,14.5,41.7,18,21.1,10.3,78.8,41.8,72.4,49.6,59.4,30.8,45,68.4,16.5,33.3,66.6,40.2,57.5,40.9,50,41.8,72.4,42.6,61,32.2,72.9,57.6,52.3,48.8,73.3,36.8,16.6,33,70.2,49.4,19.9,40.2,31.1,33.8,40.7,24.7,40.8,28.8,54.3,31.2,29.9,22.9,75.8,57.6,77.4,77.5,83.1,28,88.2,69.6,13,41.3,26.3,25.6,68.7,62.5,33.5,55.4,53.4,43.2,30.8,26.2,49.8,37,64.7,63.5,41.6,57.7,53.4,52.1,10,43.3,59.5,39.3,45.2,60.3,39.9,74.8,22.2,77,75.4,68.9,28.2,44.2,28,41.2,28.9,52.1,16.9,22.4,42,69,36.3,83.5,39.2,70.7,50.5,39.7,51.2,47.3,84.6,26,71.1,25.7,74,72.9,60.8,78.2,69.8,85.3,36.5,22,58.4,71.1,72.7,37.4,36.1,45.2,52.2,67,48,29.7,22.1,59.2,51,71.4,70.1,83.2,64.6,19.4,63.6,72.8,27.3,68,29.6
3,The Lion King,Timon,28.5,77.8,30.3,45.3,49,44.7,40.8,68.7,65.9,58.6,59.2,32.4,91.2,53.3,75.4,77.5,54.7,37.7,63.6,68.2,54.5,69.2,82.5,40.6,32.5,57.8,49.4,13.4,27.8,38.1,43.7,59.9,44.1,8.8,35.2,26.8,46.4,38.3,20.6,48.6,61.1,25.3,54.1,25.3,41.1,27.8,30.2,50.4,76.2,79.2,60.5,26.6,50.8,38.5,64.5,70.4,28.7,49.7,21.3,89.6,63,42.8,36.7,54.2,26.8,56.9,41,17.3,90.2,42.2,54.2,17.3,35.1,81.3,28.4,51.2,27.5,40.7,47.8,59.3,41,45.6,56.5,81.1,41.2,68.2,26.5,49.9,15,68.3,39.4,45.9,33.4,60.9,12.1,66.9,73.9,67.2,69.2,42.3,28.6,73.5,70.3,44.7,29.1,80.1,56.6,69.2,36,37.3,68.8,40.2,54.8,41.2,30.5,68.7,75.5,44.9,57.3,58.9,29.7,51.1,44.9,70.4,77,67,61.2,38.9,25.4,38.9,43.1,45.2,39.8,72.4,48,44.7,35.6,31.4,52.3,50.9,62.5,17.6,27.9,63.9,46.6,72.3,50.2,14.3,70,70.9,46.4,54,32.1,56.4,61.3,22.8,71.6,76.6,41.1,27.8,46.1,78.6,77,19.7,36.9,33.6,63.1,32.9,40,80.9,45.1,54.7,16.7,58.4,66.6,51.3,49.5,78,74.1,71.5,44.7,82.2,68.3,40.7,38.7,30.6,54,59.2,62.9,62.5,70.4,53.9,45,27.9,51.7,50.5,51,76,74.8,31,34,39.3,64.7,27.1,52.3,51,36.5,50.8,65.5,42.8,59.9,27.9,79.1,54.1,48.3,28.8,52.5,39.3,37.5,45.3,54.3,35.4,36.6,23.9,44.9,42.8,73.5,36.4,68.4,57.5,52.3,71.9,50.9,75.5,48.5,62.9,32.9,69.3,63.9,68,71,70.4,72.4,77.8,43.8,63.6,73,62.5,32.9,75.9,60.2,60.3,75.5,19.6,49.9,18.6,37.3,34,80.5,54.3,81.8,22.2,57.1,54.3,60.2,35.5,41.8,44.9
4,Robin Hood,Robin Hood,17,93.8,13.3,20,8.7,61.6,52.7,78.9,74.3,51.1,73.8,23.4,81.6,54.4,75.6,58.9,27.5,86.7,11.5,54,83.8,34.1,73.2,14.6,50.1,37.5,24.4,18.9,13.7,13.2,57.1,25.2,32.6,16.8,43.8,62.9,81.5,43.1,10.6,12,70.6,16.5,51.8,35.3,37.5,40.7,29.1,67.9,87.1,57.2,74.8,36.6,50.6,35.9,65.9,25.2,30.6,55.2,24.7,69.8,32.1,5.6,20.3,69.7,8.7,33.2,47.4,20.4,55,22.2,58,8.8,9,19.6,63.1,65.3,75.9,46.1,84.6,73.1,31.5,87.5,52.5,88.9,48.5,65.8,21.6,65.9,7.5,88.4,20.5,66.5,24,15.9,11.3,70.5,71.9,50.5,88,39.8,33.4,86.1,88,26.2,23.7,90,12.3,89.6,40.8,38.8,60.3,13.7,59.4,29.5,15.9,59.6,85.2,71.4,75.4,85.7,52,45.6,15.6,75.2,90.1,87.1,89.6,64.7,15.2,13.6,9.1,28.1,4.6,93,12.3,89.1,53.2,19.1,10.9,55.6,36.4,6.1,37.3,45.6,18.2,77.5,54.9,21.8,77.8,63.4,65.8,50.9,62,69.5,76.8,60.5,80.7,86.2,32,22.3,9.7,36.5,19.2,33.4,29.8,15.6,39.2,25.8,51.5,93.9,18.9,58,27.5,88.8,30.3,73.4,72.1,54.9,76.5,83.6,13.8,88.6,53.4,16.1,50,34,23.7,69,54.9,55,67.8,42,66.6,21.8,33.4,69.9,22.1,81.3,41.8,7.6,46.3,30.9,22,8.5,89.3,60.6,27.4,47,68.7,35.8,78.2,16.3,73.5,86.5,39.3,17.8,36.8,6.8,38.1,37.2,25.6,32.4,12.7,25.3,27.5,38.4,84.5,41.9,69.8,21.1,34.6,70.9,38.6,83,22.4,73,17.5,86.4,80.5,51.2,85,76,88.9,66.1,19.1,77.1,76.7,66,64.8,44,30.1,53.5,65.8,39.5,18.4,24.5,39,39.3,68.2,87.7,79,63.5,10.3,31.3,75,21.8,73.7,27.7
5,Romeo and Juliet,Romeo Montague,41,80.4,69.7,37,25.5,47.7,68.4,72.7,43.1,31.8,41.2,19.8,84.9,52.9,79.6,58.2,25.2,40.9,20.5,31.9,24.3,41.2,72.1,38.5,66.7,81.7,10.2,37.6,32,25.8,48.1,43.5,16.7,28.5,10.1,15.4,34.6,28.7,32.7,23.7,84.4,21.5,83.5,20.9,51.7,48.4,15.7,41.5,87.4,76.8,87.3,31.1,62.2,28.7,72.3,49.2,41.3,58.5,32.1,67.5,65.2,35.8,40.5,49.1,30.4,72.9,22.8,57,39.7,11.9,89.9,28,23.8,72.5,23.5,43.2,69.8,62.1,32.8,64.7,43.4,74.4,53.9,67.9,48.4,81.8,73.9,73.3,22.5,79.1,32.9,47.7,43.3,57.1,47.1,75.4,21.3,69.9,73,30.8,25.5,59.1,49.9,36.6,37.8,54.6,39.7,67.7,38.5,30.2,67.8,46.3,37.6,51.1,20.5,60.4,34.1,34.6,64.8,70.7,68.2,39.5,37.9,85,51.2,34.5,66.3,28,25,34,29,18.4,22.2,86.6,64.7,72.9,54.9,71.6,44.7,43.4,79,23.6,33.1,38.3,59.2,59.7,77.2,44.2,58.8,70.6,38.6,30.4,56.9,56.6,68.1,49.3,73.4,68.3,66.6,24.3,41.5,57.4,70.7,40.5,63.9,22.9,49.3,23.6,22.9,44.6,39.2,63.4,13.1,33.1,26.5,70.9,38,86.9,51.1,56.6,64.3,81.4,70.9,19.3,42,18.4,13.2,64,67.3,37.8,57.8,68.3,47.7,44.6,33.1,26.3,60.8,74.4,69.9,55.1,29,30.8,43.9,20.8,34.3,28,61.5,50.8,30.5,36.3,43.5,31.3,68,70.8,67.7,34.9,66.6,20.2,33.7,53.4,55.7,54.4,60.1,40.9,73.8,54.8,67.6,33.1,77,49,53.6,69.1,58.1,56,32.9,48.7,32.7,29.1,50.5,69.7,46.6,67.6,60.6,32.2,31.3,56.5,77.7,44.8,53,50.9,53.8,47.4,57.6,46,26.8,27,45.6,46.5,52.6,66.2,67.7,58.5,32,61.3,47.3,57.6,55.8,51.8
6,Dexter,Dexter Morgan,85.8,56.5,74.8,18.3,54.3,70.7,26.2,16.8,29,86.7,76.9,83.1,15.6,28.6,12.6,85,35.2,24.4,76,87.3,68.2,20.5,19.4,14.3,87.2,25.6,79.5,24,27.7,37.1,73.4,4.5,50.3,89.1,87.5,46.8,90.6,32.3,47.7,27.5,17.5,32.3,89.1,47,38.8,72.4,92.3,30.7,9.1,23.7,43,42.3,36.3,95.5,8.4,20.5,51.4,51.6,95.2,11.8,73.6,24.2,66.3,33.3,29.7,26.1,65.1,37.1,37.3,42.1,40.6,87.3,43.4,32.7,94.8,37.8,17.8,65.5,45,37.4,71.5,83.2,51.3,46.4,38.2,18.2,46.2,58.7,67.5,36.6,24.9,50.7,63.6,7.2,60.3,59,35.6,22.1,37.3,69.9,42.9,85.8,85.4,40.1,38,53.7,64.9,65.8,76.6,51.4,15,77.1,55.9,18.8,32.1,55.4,32.6,62.9,35.6,60.9,47.1,72.9,81.1,85.8,48.9,50.7,67.1,86.8,80.9,32.3,10.4,71.5,42.5,63.7,7.3,89.1,91.4,43.2,20.3,59.1,26.4,31,45,22.5,5.8,83.1,87.4,55.8,79,5.6,93.5,47.2,40,30.7,88,95.5,77,56.3,55.4,51.5,26.1,17.4,15.7,62.3,81.9,44.1,35.2,48.7,77.9,80.2,49.3,38,73.4,90.8,24.1,72.8,21.2,26.2,40.6,47.9,33.9,35.9,27,28,61.5,73.1,65.1,39.2,34.7,85.8,53.6,19.4,86.8,55.4,39.8,9.2,47.5,78.4,8.8,9.2,28.7,43.3,61.1,9.3,95.5,55.7,65.1,15.2,27.2,40.8,33.7,84.1,10.1,86.3,30.6,47.7,65.1,5.7,33.4,50.8,16.5,71.4,78.5,23.8,16.5,41.5,89.3,59,28.6,27.2,20.6,9.5,25,82.5,57.6,41,63.6,51.2,66.3,26.3,51.6,27,84.2,80.7,69.1,30.6,30,27.8,72,40.6,33.8,44.7,57.4,36.2,30.7,60.3,68.4,34.6,18.3,56.8,24.8,62.3,22,35.3,74.2,25.8,84.1,17.5
7,LOST,Charlie Pace,26.8,64.3,50.2,39.6,47.7,40.1,60.2,81.9,74.3,42.5,52.6,11.6,79.2,68.1,84.1,71.7,62.1,44.7,26.1,41.6,23.9,66.4,63.6,70,33.8,71,20.3,26.9,15.7,28.2,56.5,54,34.4,20.5,17.2,19.7,39.8,51.9,21.7,32.2,78.6,23.2,62,18.9,40.1,45,20.9,51.9,83.7,77,78.7,42.5,59,50.3,71.8,59.6,71.4,54,36.1,63.4,66.5,71.8,23.1,48.6,44.7,64.4,37.5,39.8,78.9,20.5,71.1,35,15,76.7,18.7,63.8,31,28.3,63.7,56.1,36.4,37.7,56.8,84.3,63.5,76.1,34.4,42.8,25.9,72.6,45.2,39.4,21.5,75.1,16.6,79.8,59.4,72.4,67,32.8,34.1,66.5,66.2,63.7,43.1,43.9,39.2,35.3,51.5,42.7,59.6,30.5,49.9,41.1,23.7,48.9,38.5,39,69.2,60.2,55.8,28.4,53.6,69.1,73.5,36.3,34.3,25.3,21.4,60.3,47.3,21.8,26.6,78.7,55.7,55.3,58.8,31.3,76.1,52.8,77.3,26.5,43.9,73.8,54.7,68.4,76.6,29.3,62.9,81.9,29.3,50,27.1,75.2,64.9,50.4,79,79.7,36.8,28.5,85.4,55,71.3,30,18.4,24.2,66.5,27.3,28.2,71.7,24.2,68.2,24.4,23.1,38.3,64,51.3,64.7,68,65.1,43.6,81.6,75.2,35.8,41.6,25.9,27.6,58.1,70.4,50.8,68.4,54.7,47.4,32.6,32.8,57.7,50.5,75.5,74.1,54.2,29,25.4,54.2,23.7,39,47.6,70.4,37.8,51.1,34.8,51.6,30.9,78.2,60,64.4,15.6,33.8,32.5,32.6,50,72.6,37.4,53.8,24.8,59.7,27.3,64.6,26.1,73.9,63.1,38,68.4,50.1,61.5,32.9,48.5,17.7,40,55.7,71.1,50.9,70.6,63.3,46,36.3,73.1,87.6,62.7,45.7,55.7,67.6,77.5,83.5,15.5,32.8,30,24,37,73.2,52.2,60.3,58.9,56.6,55.8,78.5,45.5,36,40.1
8,Star Wars,Han Solo,19,94.1,31.3,10.4,13.4,30.6,80.2,78.8,88.8,76.7,87.1,40.5,71.3,29.3,86.5,55.4,19.7,74.4,14.4,88.5,73.4,21.3,82.9,18.3,59.5,65.2,13.5,31.9,23.1,45.9,23.8,56.9,18.1,24.2,35.9,26.9,54,12.5,23.1,15,62.7,10.5,34.6,20.3,26.5,26.2,15.9,29.1,92.5,72.7,86.3,22.9,42.3,68,80.2,26.9,18,35.1,40,87.2,73.9,13.1,43.9,30.2,16,58,31.3,40.9,27.2,37.3,43.8,15.3,21,37.2,26.2,25.4,87,28.8,34.3,74.2,57.8,81.9,77.1,64.6,32.2,50.9,16.5,64.5,8.5,87.9,14.2,73.3,35.1,41.6,12.7,85.2,70.7,34.3,53.3,66.2,29.4,79.1,81.8,59.9,15.7,84.7,57.3,84.6,59.2,19.1,44.8,27.8,46.5,44.5,12.2,69,66.6,31.4,41.8,81.6,17.2,38.1,10.2,76.4,70.3,65.3,87.7,75.8,44.9,15.6,24.3,53.2,8.3,94.1,29.6,70.5,54.7,22.9,15.7,47.4,34.1,8.8,15.4,78.1,38.6,77.4,82.2,52.9,75.2,81.7,34.1,84.9,29.6,36.2,78.9,47.6,89.6,90,32.3,13.3,12.9,41.3,19.9,66,15.4,11.3,74.5,13.8,40.9,95.3,53,69.6,43.9,74.1,17.6,88.8,65.1,85.5,46.6,75.1,30.1,70.1,33.3,17.6,67.5,26.6,66,39.5,58.1,82.9,68.4,39.2,51.9,37.5,69.5,20.3,61.1,84.3,63.5,12.1,34.5,25.4,25.5,16,82.1,47.9,56.2,64.2,44.1,20.6,52.8,31.7,82.8,67.1,55.6,37.2,67.2,25.5,27.6,51.3,57,60.3,37.6,29.2,43,62.7,70.7,47.9,77.7,44.6,61.4,84.5,59.7,76.3,38.6,59.5,9,78.2,61.5,62.6,58.1,67.6,78.3,30.7,41.6,87.8,83,37.7,51.2,39.9,49.8,38.4,74.8,54.5,23.8,16,79.6,33.9,47.7,88.3,84.6,31.9,31.1,25.1,75.3,30,60,42.2
9,Harry Potter,Ron Weasley,23.1,54.3,41.2,32.3,70.5,45.2,69.9,81,75.3,36.3,34.3,34.4,77.5,80.5,80,63.3,59,44.5,36.4,68.4,43.7,53.8,36.5,73.4,39.8,65,40.2,10.5,50.3,38.7,55.4,65.8,43.4,25.7,20.7,26.6,37.6,63.1,13.9,40.8,68,28,44.8,32.8,70.4,30.2,28.4,51.7,77,71.1,76.3,32.9,41.6,44.8,73.3,46.4,70.2,53.1,35.5,66.2,67.8,74.7,26.8,71.5,65.6,28.7,40.3,14.8,34.7,21.7,60,46,42.5,79.8,15.8,60.8,44.9,29.1,63.8,61.7,28.4,25.9,39.4,84.8,65.2,60.2,18.6,22.5,41.8,69.1,70.9,23.1,61.3,82,20.2,59.4,82,72.1,74.6,69.6,25.5,52.7,60.7,65.1,61.7,57.4,63.1,63.2,36.8,57.4,73.3,39.4,77.6,51.7,42.4,39.7,60.6,29.9,65.3,58.1,49.8,23.5,30.7,42.6,76.7,53.7,23.1,35.7,20.3,64.4,58.9,39.8,39.4,64.4,47.3,52.2,39,22.3,77.7,46.1,71.1,39.3,36.4,79.5,50.8,57.5,69.8,50.9,45.7,87.4,30,80.7,42.3,50.8,43.9,49.8,65.4,76.3,34.1,42.3,86.4,79,76.5,12.3,18.1,46.9,52.4,38.4,25.4,45.9,52,28.9,22.5,27.1,22.2,80.8,45.3,74.2,73.9,75.1,51.9,77.8,68.9,40.1,37.8,29.3,52.8,63.7,67.7,53.5,51.2,38.1,33.1,32.8,37.8,66.9,46,56.2,80.2,43.5,55,43.3,68.2,18,43.6,56.2,23.7,52.8,82.8,34.5,65.6,42.5,86.3,44,34.3,38,35.1,37.2,38.7,27.3,62.3,28.4,41.6,35.5,75.4,39.2,75.4,45.5,70.8,57.6,43,55.6,66.3,81,42.4,56.5,30.2,66.1,74.5,66.7,65.7,60.5,74,40.8,40.5,70.9,70.6,69.3,33.1,66.1,61.4,46.1,74.3,29.3,44,36,22.6,38.8,81.6,50.6,72.8,40.5,71.4,47.9,69.3,33.3,45.6,40.6
10,Harry Potter,Harry Potter,54.3,74.8,59.6,29.8,59.2,72.8,50.9,72.8,60.6,36.2,55.4,48.8,57.5,75.6,71.4,58.6,42.5,25.6,12,54.1,55.9,38.8,36.5,31.8,40.1,53.1,20.1,7.1,38.3,15.9,64.7,30.2,52.8,60.7,30.4,33.2,62,60.9,11.7,29.4,51.9,27.6,67.3,48.7,70.6,34.7,31.9,57.3,81.1,47.4,79.7,47.2,41.5,60.9,74.1,27.4,41.5,72.2,54.4,46.6,36,38.2,32.6,69.3,28.7,41.8,53.2,43.1,56.8,23.4,54.2,50.3,16.5,68.1,41,55.8,51.1,50.7,72.9,67,32.1,65,41.1,83.8,39.9,62.3,45.7,43.4,47.3,73.9,57.7,38.8,57.9,55.4,38.3,55.5,39.2,54.4,85.7,58.4,32.8,79.6,69,54.1,51.1,65.6,38.8,69.4,54.1,54.9,51.8,36.8,59.3,50.6,41.3,36.3,44.2,55.2,59.2,77.7,62.5,21.1,37.1,65.9,56.2,52.1,52,53.3,27.2,28.1,17.5,45.2,12,83.3,32.6,82,67.1,39.1,31,49.5,53.8,20.8,41.5,60.2,29.7,64.5,77,34.6,70.2,70.8,54.1,65.1,41.4,68.8,68.7,73,56.1,69.2,63.8,19,22,51,49.5,22.8,32.9,34,26.4,41.7,33.8,60.5,29.5,32.2,37.6,55.8,26.7,76.6,42,70,74,73.7,23.7,86.2,54,29.2,51.5,54.4,32.7,70.1,60.7,61.6,51.3,33.4,52.5,49,30.7,45.3,33.6,76,34.8,19.9,54.1,47,50.7,12.5,67.4,61.1,51.2,35,48,42.4,61.3,43.7,54.2,84.7,52.2,26.6,47.3,9.5,50.2,23.1,44.7,25.1,57.9,44.6,47.5,28.8,86,45.1,51.5,31.8,28.4,35.9,37.7,82.3,42.8,51.5,47.7,54.3,65.6,46,66.7,58.1,82.5,58.4,32.9,42.5,50.6,68,42.2,39.7,38.5,65,57.2,28.1,27.3,42.9,13.5,36.4,49.8,61.9,61.6,77.2,23.2,59,44.1,29.6,70.3,25.5
11,Harry Potter,Remus Lupin,66.5,55.1,74.5,29.1,47,72.3,19.9,58.2,67.9,51.9,73.8,68.2,38,78,49,64.7,72.6,30,29.7,55.6,23.3,53.2,24.7,47.3,32.2,19.4,69.4,10.6,31.2,27,81.2,14.4,63.2,74.5,62.1,42.1,81.6,78.1,12.8,35.6,28.5,41.6,51.6,63,42.5,58.9,68.5,54.6,39.1,23,38.6,53.4,50.7,77.6,38.7,26.9,56.3,67.9,81.4,25.8,30.6,50.2,26.5,67.2,29.1,22.8,74.8,51.4,27.1,62.5,27.3,74.9,26.9,51.9,71.1,71.3,22.2,55.6,81.7,58.2,32.6,64.8,39.3,86.8,40.1,63.4,30.9,33.6,56.7,48.4,56.3,54.1,37.4,37,38.1,54.6,69.4,58,61,41.6,51.1,79.2,82.4,61.9,49.6,42.5,53.4,32.8,48.8,75.7,54.1,41.2,64.3,21.4,41.2,48.9,26.8,72.8,62.5,58.8,74.3,52.3,80.2,46.8,71.4,39.2,37.8,57.7,26.2,41.1,27,60,32.4,70.3,16.1,74.3,78.7,29.8,45.8,53.8,47.4,21.3,53.6,39,11.8,69.4,84.9,34.3,66.9,63,63.7,42.7,70.5,80,65,85.6,66.7,36.3,58.5,38,67.3,20.9,32.1,33.1,21,39.5,37,57,62.8,81.2,19.4,60.5,62,81.8,43.5,65.3,54.7,26.3,78.9,64.2,23.5,83,62.4,33.3,46.2,82.6,65.6,67.1,43.7,65.3,55,34.9,72.4,44.3,23.7,57.2,28,66.6,30.7,16.4,65.4,40.9,40.6,19.3,83.9,71.2,35.7,23.3,59.9,40.5,57.4,73.9,29.1,73.6,34,27.7,40.4,22.6,58.9,34.5,24.2,30.5,61.9,37.7,19.9,25.2,84.6,45.2,57,28.2,17,34,44.1,81.5,34.7,47.4,53.5,44.2,71.8,33.4,63.1,68.4,76.1,78.4,27.8,38.4,33.8,74.6,56.9,47.1,38.4,57.5,41.2,39.5,27.3,55.8,20.5,39.2,41.1,63.3,47.5,67,40.9,29.2,39.2,33.4,52.6,20.5
12,Pirates of the Caribbean,Will Turner,71.6,73.8,60.7,25.9,28.5,75,61.9,49.2,62.9,44.8,44.3,40.7,64.3,73.1,47.9,35.1,43.7,26.5,19.8,63,45.3,40.2,35.7,46,55.1,54.5,35,20.7,41.7,24.7,75,13.5,49,61.6,27.9,45.9,57.2,61.8,13.6,13.3,41.7,49.8,73.1,63.9,65.8,26.1,51.3,47.6,61.6,21.5,62.8,51.6,43.6,62.4,51.4,32.6,49.9,69.3,60.1,46.1,50.5,38.3,29.6,70.3,28.2,30.3,63.5,46.5,35.2,20.2,49.1,49.7,28.5,62.8,73.4,56.7,58.1,45.6,72,76.2,27.4,62.6,40.2,84.2,35.2,59.8,22.8,62.8,45.7,62.3,45.5,53.4,49.2,28.9,49.2,50.8,76.8,58.7,78.7,66.2,30.7,64,63.7,46.2,48.5,56.7,35.2,82,43.7,61.8,61,47.2,66.1,52.9,35.4,45.9,45.4,43.9,67.3,74.4,74.6,20.8,31.2,52.9,55.5,58.1,57.7,49.3,25.6,33.9,12.9,59,25.7,73.7,26.3,85.5,51.2,25.8,48.9,49.4,59.1,25.3,43.3,49.9,31.5,68.9,51.8,37.1,57.7,45.3,64.7,63,58,51.9,56.6,75.7,60.5,72.4,73.9,35.4,50.1,55.7,45.3,26,43,43.6,45.7,51.9,40.8,68.7,39.5,44,43.2,45.4,19.5,74.5,44.3,60.5,73.1,79.2,33.8,83.8,58,13.4,54.3,50,33.6,66.6,51.5,51.6,47.8,39,52.4,49.8,29,50.1,39.1,53.4,21.5,25.4,62.3,39.9,36.2,23.5,63.4,68.9,41.3,36.7,62.5,35.2,51.5,47.9,32,81.7,33.7,32.6,47.1,13.8,49.5,42.8,37.3,29.1,53.8,52.9,40.2,32.3,79.1,58.9,65.3,33.7,29.8,46.3,41.7,79.2,24.6,46.3,34.4,53,69.7,50,73.3,64.3,78.4,47.3,30,75.1,58.9,68.4,44.1,45.6,35.3,38.9,57.2,45.4,11.6,38.7,47.4,38.2,49.8,70.3,53.6,74.5,18.6,29.1,61.4,35.9,62.9,32.8
13,Girls,Adam Sackler,44.1,74.3,70.1,22.3,77.8,12.8,61.7,53.9,84.8,56.1,69.1,16.7,46.5,41,83.8,88.2,30.2,39.1,26.1,53.3,53.8,36.6,48.4,22.4,40.4,44.6,11.5,46.4,16.5,53.8,30.9,36.7,17.1,63.5,37.5,8.4,57.8,32.2,53.6,29.4,65.7,22.3,37.8,43.5,13.9,43.7,28.1,31.9,76.5,57.5,76.7,31.3,53.6,74.9,66.2,25.1,31.7,20.1,73.7,60.5,59.8,47.4,59.3,37,43.7,38.9,35.8,47.7,5.8,28.3,39.5,66.9,19.6,75.4,49.7,30.3,37.4,29.1,43.5,36.3,62.4,52.1,78,49.6,20.8,73.3,27.8,30.3,44.3,61.9,35.7,35,28.5,67.9,43.3,82.7,76.7,45.8,41.7,40.9,32.2,71.9,70.2,75.5,25.6,74.3,71.2,49.3,41,38.2,77.5,37.8,69.9,15.2,21.7,67.4,34.1,34.1,42.8,74.2,41.9,74.8,57.4,85.1,35.6,38.2,72.4,54.7,57.2,39.3,39.7,34.5,45.1,86.5,54.8,55.7,82.4,28.8,23,40.1,56.9,26,28.9,69.9,30.6,79.1,81.6,46.6,79.4,79.8,39.5,45,44.7,60.5,79.5,73.3,74.9,71.5,24.6,63.5,42.2,35.2,45.4,47.8,13.3,20.5,68.7,16.7,65,73.8,37,71.9,40.9,47.9,24.5,73.8,68.1,76.8,27.6,39.1,56.2,53.4,43.5,29.8,67.1,29.3,53.4,40.9,59.7,91.1,80.5,24.9,52.1,46.2,67.5,19.7,49.9,82.9,56.8,40.5,29,24.5,47.1,29.5,58.8,35.5,70,35.8,29.3,48.3,21.5,65.8,68.1,45.9,37.3,27.9,45.2,39,26.4,66.7,69.4,59.9,64.9,25,50.7,49.7,76.6,33.1,84,48.4,36.4,70.1,43,66.1,53.3,34.1,43.9,44,77.2,28.8,40.2,55.6,56.9,39.7,53.9,78.7,77.3,33.9,42.7,42.6,43.3,40.2,74.1,49.6,19.2,28.4,37.1,70.1,38.4,57.5,60.5,43.1,50,49,62.6,40.1,35.7,62.6
14,The Simpsons,Homer Simpson,10.5,88,23.7,20.1,60.9,19.5,83.7,85.8,85,38.9,36.1,31.5,87.9,47,93.3,72.6,28.1,78.8,27.1,62.3,48.1,40.1,73.8,58.4,55.2,91.6,5.8,35.1,39.6,44.3,21.5,94.1,27.4,12.8,10.3,20.1,13.2,30.8,41,76.9,90.2,12.9,35.7,8.6,54.5,25.8,10.2,37.4,93.3,88.8,91.2,15.5,43.9,16.6,81.1,53.9,56.4,19.8,13,94.2,77.6,38.3,57.4,35.8,88.5,65,12.6,26.1,47.3,67.9,83,16.7,36.1,56.4,5.4,41.5,63.6,13.1,22.6,38.2,58.8,52.1,76.6,61.5,59.2,60.9,11.7,12,11.3,85.6,55.6,29.6,83.2,93.4,16,80.2,69.7,76,44.6,65,25.6,44.8,49.5,72.5,42.4,48.9,29.1,27.5,22.8,35.5,87.4,33.9,77.8,55.6,21.4,33.8,72.9,32,63.3,53.9,53.7,66.2,31,77.8,55.4,49.5,76,29.8,25.9,52.2,92.4,21.1,31.9,78.1,91,20.8,17.7,23.5,64.6,47.8,58.9,42.9,30.4,92.4,89.5,60.7,71.8,91.2,43.5,94.7,16.4,70.8,45.8,52.8,55.4,18.6,80.5,82.5,12.3,34.3,64.2,84.7,83.8,21.8,13.5,22.4,85.6,14.6,16.9,39.6,58,45.7,18.9,29.1,18,82.3,37.8,89.5,37.7,69.5,72.1,71.1,77.2,69.8,42.5,9.3,31.3,47.2,83.7,56.2,52.7,56.7,31.2,42.6,73.1,35.8,75.6,73.3,91.6,73.6,17.4,34.7,69.2,28.8,25,16,59.9,75.3,57.7,31.4,54.5,19.5,95.9,18.6,69.1,54.4,30.1,66.1,24.4,34.4,84.3,53.1,33.4,20.2,92.3,73.4,45.9,26.4,74.4,74.6,78.8,89.9,69.6,51.3,59.7,48.3,21.8,73.7,78.3,82.2,71.8,73.1,45.4,27.7,43.5,83.3,78.3,42,30.5,37.5,80.9,56.7,90.5,55.6,52.8,18.4,40.4,21,76.8,49,90.9,23.2,95,51.3,78.2,62.5,20.3,70.4
15,Forrest Gump,Forrest Gump,49.1,58.9,27.4,31.5,64.4,70.9,60,68.1,44.6,11.8,17,39.1,49.6,87.3,38.3,77.7,83.1,56.9,22.2,31.2,75,82.4,18.2,78.4,7,50.4,37.8,4.5,35.3,22.4,88.4,12.7,75.9,32,37.7,66.9,44.6,93.8,9.7,38.9,58.7,82.8,48,70.3,84.4,16.7,30.5,48.3,58.8,26,65.8,26.8,38.2,24.1,63.9,36,79.9,77.7,38,41.2,78.1,44.2,26.5,90.4,49.5,29,61.4,39.2,20.2,33.5,53,45,17.9,36.8,71.9,83.5,36.9,37.7,88.6,19.3,8.6,59.4,24.4,96,26.7,57.3,25.4,46.1,53.6,57.4,74.1,18.7,69.8,64.4,32.9,37.7,46.5,81,68.6,64.2,71.5,84,84.3,41,73.2,69.2,10.4,71,27.8,79.5,78.6,38.2,72.7,28.9,67.3,49.9,70.6,73,91.3,57.7,93.8,22.3,32.8,47.5,84.4,66.2,63.3,23.9,13.5,69.2,12,38.1,24.4,25.9,44.5,76.9,33.4,32.1,68.9,55.1,61.5,19.6,81.9,57.4,71.7,72.7,20.9,45.5,32,25,60.4,59,69.5,92.7,54,70.6,39.6,60.9,41.1,27.6,60.4,66.8,50.2,16,62.2,65.2,36,73.6,36.6,31.8,16.5,45,64.1,41.6,23.1,71.1,46.2,19,84.1,76.8,22,90.3,78.8,25.8,31.8,34.1,35.3,70.9,52.5,29.9,47.6,40.9,47.8,35.4,16.5,50.6,16.4,50.5,20.9,32.8,54.6,65.5,71.5,14.7,56.6,61.7,21.8,44.3,85.4,40.1,83.8,38.1,52.8,81.4,37.7,44.8,18.1,8,60,17.7,59,9.5,20.1,31.8,75.9,25.6,86.8,43.6,50.9,33.2,27.8,51.7,27.3,89.3,27,59.5,48.2,77.4,81.6,47.7,73.6,45.7,87.5,39.9,19.1,70.5,56.2,94.1,24.6,41.5,35.3,66.2,66.3,19.9,57.9,40.9,61,44.9,80.4,40.9,58.8,79.4,21.9,80.7,80.9,27.7,71,24.7
16,Friends,Chandler Bing,18.8,54.5,41.9,46.7,62.5,43.5,30.8,70.6,48.7,56.8,53.8,60.9,77.1,52.7,60.9,70.8,43.8,34.7,71.2,85,41.3,70.6,55.7,73.2,38.3,59.3,51.7,21,53.2,47.6,51.6,52.7,43.1,21.3,49.5,39.2,55.6,52.4,33.6,29.9,54.5,31.8,52.4,38.2,66.2,46.4,45,42.7,53.6,53.3,48.2,46.1,50.9,65.7,50.3,68,64.4,66.4,45.4,74.6,61.2,71.7,30.9,50.1,38.8,33.9,49.6,45.7,39.7,39.7,39.5,44.4,50,79.8,43.8,54.2,24,49.1,54.2,61,42.2,27.8,61.6,73.8,66.4,39.4,54.2,36.6,23.9,63.8,38.4,23.1,64.7,74.4,10.7,59.9,41.1,74.8,57.1,40.1,39.5,50.5,66.4,43.1,60.1,52.2,72.6,61.2,62.5,55.3,37.5,46.7,45.3,53.9,48.1,52.2,53.9,39.5,53.6,47.7,11.9,26.7,63.1,48.1,82.6,48.2,27.3,49.2,35.1,66.2,61,55.9,59.9,43.7,38.2,50,54,47.3,74.4,51.4,68.7,25.2,42.1,56.1,29.4,51.4,57.5,48,59.9,53.8,48.3,68.4,35.9,41.9,42.6,38.3,52.2,53.1,44.9,53.9,73.6,71.8,61.7,43.7,54.7,57.9,52.4,47.8,38,47.3,47.8,39.9,28.6,45.6,33.7,68.6,40.9,65.7,66.4,66.6,55.7,70.7,72.8,28.1,42.4,28,66.4,49.9,57.5,75.1,49.7,37.8,44.6,48.3,59,52.3,49.5,53.4,47.9,44.1,43.9,58.8,66.6,25.6,48.2,56,73.6,43.1,24.1,51.2,64.9,43.8,79.4,48.5,37.4,39.4,50.1,44.5,42.9,47.8,55.3,33.3,48.8,31.2,55.1,45.1,75,44.4,62.5,57.8,46.5,52.3,49.6,83.4,44.8,53.5,30.6,70.7,59.3,76.4,66.3,58.7,72.2,73.5,42.1,54.4,57.2,57.2,31.5,56.1,49.1,58.6,72.2,24.5,58.1,28.5,50.5,39.8,77.1,53.4,84.3,19.3,77.9,74.5,68.7,39.2,67.5,36.8
17,Friends,Ross Geller,75.5,38,72.9,47.3,80.9,57.2,11.7,24.3,24.6,60.9,51.1,92.5,69.2,60.6,32,71.3,25.3,11.9,83.6,86.3,32.3,66.2,43.4,69.2,58.1,57.1,69.7,40.9,83.4,35.3,56.1,20.6,41.8,39.6,47.7,23.3,61.9,29.2,48.6,54.7,27.6,71.2,80.7,60.6,81.1,46.9,79.2,37.4,14.2,19.5,27.7,61.4,57.8,64,18.1,73.4,45.9,77.5,55,60.1,30.4,78.9,58.1,52.8,59.8,32.4,61.1,35.6,19.9,59.3,48.2,62.9,74.3,87.8,75,34.9,6.8,71.8,35.2,54.4,48,25.1,43.4,63.3,65.6,38.4,72.2,43.1,60,20.2,65.1,25.6,80.4,67,53,25.7,30,69.6,63.7,73,26.9,28.8,31.3,51.8,81.5,41.1,75.9,63.6,58.9,37.9,37.6,84,48.8,48.8,85.4,22.1,32.5,16.7,42,52.7,40.4,31.1,93.6,57,40.8,37.6,28.7,31,47.9,61.4,49.4,82,84.5,17.6,38.9,77.3,63,67.9,78,56.9,85.4,61.5,43.7,34.5,19.4,57.9,24,41.1,50.8,19.6,74.3,41.1,81.8,23,27.5,40.2,23.8,10.2,77.7,46.3,68.5,80.3,73.3,48.4,79.7,78.8,32.4,68.7,64.9,18.3,74.3,31.5,22.1,61.8,23.6,77.1,18.9,73.1,54.6,46.6,77.5,62.1,68.7,50.8,39.3,52.4,63.3,62.5,42.9,64.9,22.9,30.2,74.3,76.4,52.3,44,67.2,24.5,18.9,49,40,74.5,88.6,47.7,39.1,48.9,70.3,40.6,20.3,52.6,35.6,59.7,25.1,58.2,27.4,63.6,76,32.7,52.3,30.6,51.9,45.5,70.6,50.9,57.1,57.5,68.3,75.2,30.8,52.2,49.4,13.7,51.5,51.6,62.1,24.8,85.1,28.9,52.1,61.7,28.7,22.6,39.7,89.7,55.6,13.7,11.6,59.1,22.7,65.5,48.3,26.1,78.2,19.6,59.3,57.2,70.4,61.4,73.1,22.3,38.7,49.7,64.9,50.1,31.9,55.3,56.1,47.2
18,Casablanca,Rick Blaine,74.8,80.1,81.4,10.2,16.1,68.2,44.5,45,52.2,79,88.2,47.2,18.8,60,41.8,44,35.7,39,38.1,86.4,47.3,43.8,42,15.4,41.9,29.3,62.8,20.8,41.1,58.5,47.5,27,36.8,79.1,59.2,33.5,74.4,37.3,22.3,20.6,25.4,31.8,43.7,46.3,45.1,48.9,70.6,31.6,51.2,45,48.4,38.1,31.8,86.8,42.8,20.9,20,72.3,80.6,29.1,61.6,20.6,40,44.7,39.4,61.2,74.9,62.1,43.5,61.9,21.7,61.4,40.8,26.9,80.5,30.9,67.9,54.9,62.7,72.3,47.4,73.4,67,64.9,25.7,54.2,40.5,83.8,42.2,51.8,22,81.4,40,18.9,45.1,74.2,31.9,27.8,40.5,57.3,43.1,76.8,80.8,46.3,30,70.8,74.1,72.8,39.6,45.8,66.7,51,21.1,36.1,26.2,82.2,22.1,44.2,29.5,59.3,31.9,32.4,40.5,53.2,40.8,29,81.4,77.1,64.7,26.2,34,74.3,31.2,83,12.9,63.2,78.5,46.2,13.9,50.2,40.2,17.5,42,36,20.4,65.6,90,46,72.7,29.8,57.4,67.8,51.7,50,66.2,87.6,83.1,75.2,30.2,49.5,12.1,26.9,15,72.8,64.8,31.8,55.1,42.1,66.8,90.8,45.1,61,73.5,87.2,12.3,88,55.5,48,54.9,74,30.4,75,28.8,30.9,65.2,75.2,67.7,49.1,47.3,73.7,46.4,32.6,49.3,50.5,54,26.3,33.8,70.7,31.9,11.8,71,33.1,10.8,14.4,85.1,70.6,75.6,30.7,11.8,24.9,34.7,62.1,40.1,67.4,52.3,41.9,46.1,27.5,35.9,47.8,25.3,46.6,73.6,58.2,20.3,61.8,73.9,74,43.5,18,26.3,49.9,33,75.8,49.8,47.6,35,31.9,59.6,37.8,32.8,40.5,67.9,46.2,63.4,46.7,63.6,50.1,66.1,28.9,38.7,31.4,44.5,58.1,41.1,33.5,62.8,34.2,30.8,80.1,20.1,73.6,36.9,59.9,22.9,27.9,75.7,26.2
19,Dune,Paul Atreides,82.8,79,81.6,25.3,26.7,82.3,43.6,36.4,45.4,60.5,36.7,51.5,43.3,60.3,30.8,80.2,54.2,30.6,21.7,23.6,67.5,28.4,38.1,18.2,60.2,28.6,53.9,12.7,22.4,19.1,71.8,12.7,72.3,85.9,73.8,48.9,87.1,44.6,20.1,12.6,22.2,73.4,62.1,82.9,79.8,67.6,72.7,44.5,45.3,15.3,61.5,80.5,35.7,78.7,62.6,8.6,41.2,75.7,76.7,35.9,21.2,29.9,67.8,61,24.8,26.3,80.3,56.6,41.8,14.6,56.1,50.7,19.9,27,84.4,50.7,52,74.8,72.6,46,37.4,77.8,33.3,71.3,27.2,51.5,61.4,79.6,54.5,50.4,44.8,67.5,44.2,16.5,68.8,48.8,21.2,32,76,40.6,43.9,95.5,77.7,37.4,35.7,80.7,41.9,89.4,53.7,62.9,41.5,41.1,35.3,21.8,41,34.1,23.1,65.7,54.7,70.7,71.3,19,61.2,83,41.1,47.4,60.5,58.7,46.7,22.3,21.6,46.3,13.5,75.1,17.1,86.7,78.1,60.7,18.6,60.8,49.8,24.6,43.6,25.4,11.1,72.5,55.3,32.3,79.4,27.4,76.3,38.9,53,57.7,80.6,89.1,44.6,50.9,69.8,45.5,19.1,31.8,19.8,41.6,61.8,32.1,15.9,60,56.8,50.3,18.7,60.7,48,61.2,34.8,68.9,56.8,36,61.3,67.1,17.3,73.3,37.7,18.5,71.5,72.3,46.1,85.8,40.1,32.4,76.6,19.3,49.6,49.5,23,46.4,31.2,79.8,21.4,9.3,61.7,33.2,33.4,4.1,70.7,64.3,53.9,15.9,35.5,45.1,43.3,44.1,14.2,88.6,48.2,33.1,57.9,11.1,82.8,23.8,23.4,25.2,58.6,51,24.4,39.8,82.1,32,35.3,19.6,12,18.3,26.5,85.4,43.3,45.1,59.1,43.5,78.1,26.5,62,43.7,85.8,62.9,35.9,53,53,66.7,31.1,48,30.9,73.2,51.3,30.1,11.6,64.3,36.3,40.1,45,60.8,34,77.9,12.3,43.8,37.9,28.4,75.4,12.4
20,Dune,Duke Leto Atreides,77.9,84.3,58.9,17.5,16.9,80.8,39.9,31.9,44.9,62.2,66.8,69.9,26.4,82.1,20.2,23.6,41.7,32.1,38.6,56.5,18.2,33.7,28.8,19.8,42.1,23.5,64.3,11.6,68.2,27.2,80.2,11.8,50,77.6,64.4,69.4,78.3,57.8,17.8,12,27,70.5,64.3,80.2,62.4,34.8,77.6,45.7,30.6,22.3,32.4,70.2,37.6,63.6,28.1,17.9,28.3,90.6,53.3,42.5,22.1,17.6,43.4,68.2,45.7,54.3,85,45.8,27.6,67.1,37.3,41.2,32.8,29.6,78.2,54.1,66.9,74.9,74.6,71.8,29.9,84.3,21.6,74.1,27.8,49,62.6,87.6,45,50.4,41.9,63,69.8,24.8,80,35.5,11.8,15.4,71.8,62.3,65.1,68.7,70.6,33,50.6,55.1,26.8,81,66.1,59.1,15.5,52.1,32.3,65.7,83.6,27.7,38.6,74.9,52.8,58.3,87.9,11.7,47,42.5,58.2,45.1,70.5,65.5,42.3,21.1,16.4,73.3,25.5,47.4,24.7,85.3,74.1,55.8,16.6,49,28.8,10.3,57.9,19.9,10.8,64.3,56.5,39.8,53.1,17.9,85,37,66.1,51.4,51.8,83.1,18.9,17.8,44.6,60.2,12.6,65.1,33.6,57.5,59.9,64,6.8,78.8,49.2,62.2,29.1,51.8,67.1,87.5,19.9,84.8,39.9,30.5,77.7,70.9,20.5,75.7,40,26.5,62.3,85.2,49.3,79.8,35.5,45.6,36.5,35.5,39.4,57.8,24.4,56.6,20.7,39.6,13.5,22.8,79.1,83.6,25.5,20.2,80.2,75.7,71.2,35.7,33.4,23.7,56.9,42.1,22.6,80.2,49.8,47.8,53.1,17.1,62,18.3,17.9,29.5,54.1,67.9,33.4,49.1,75.5,69.9,25.8,23.2,25.5,19.4,34.4,83.6,39.2,53,63.4,45.3,63.8,28.6,64.6,51.5,80.9,62.1,32.9,40.5,37,77.4,39.5,29,29,40.6,42,55.4,19.1,61.9,75.8,35.9,47.7,67,35.2,70.8,20.8,29.6,21.6,52.6,68,15.4
21,Avatar: The Last Airbender,Aang,15.7,71.1,14.5,47.9,47,73.6,53.7,83.1,54.5,10.2,31,17.8,89.8,83.3,68.3,76.6,76.1,77.5,20.7,9.3,69.5,86.8,51.2,58.5,9.5,46.7,25.8,4.2,13.8,8.5,83.5,35.4,71.5,13.8,23.4,52.8,56.2,79.9,4.9,29.3,78.4,29.4,42,51.1,80.2,25.8,18,71.6,89.9,60.7,71,51,57.3,19,77.2,27.3,69.5,72.5,21.2,76.1,59.6,49.7,13.3,91.3,20.1,30.9,47.6,19.4,85.8,24.2,74.2,13.6,6.7,42.3,54.2,89.5,31.4,42.7,88.8,50.1,11.8,42.2,17.9,96.4,57.6,76.8,39.1,41.2,11.7,79.5,70.4,22.8,38.5,55.8,10,30.9,70.8,81.4,84.1,39.6,58.5,90.2,84.7,29.4,60.4,78.1,9.1,89.9,30.1,76.6,74.1,15,67.2,27,57.6,44.4,82.9,62.3,90.4,66.7,86.3,24.6,26.1,46.2,91.4,87.6,44.4,34.3,7.2,64.2,12.5,15.5,6.4,66.2,28.8,78.8,47.9,23.6,49.5,45.2,76.5,10.6,66.1,63.3,35,66.1,22.5,21.4,47.9,68.6,44,35.5,73.4,91.5,64.1,64.5,53.5,73.4,27.8,16.4,33.9,62,57.6,21.3,48.6,32.3,27.1,53.6,33.2,38.6,11.8,64.8,33.3,54.1,34.6,50.3,70.2,51.5,90.4,85.9,24,94.1,82.5,26.1,34.4,30.9,19.6,80.5,58.2,18.2,63,46.4,50.7,17.4,14.4,76.3,17.3,59.4,51.7,17,57.1,58.8,73.3,6.3,66.9,70.8,26.3,26.3,76.4,68.7,88.1,11.2,79.2,81.4,66.3,16.1,26.5,11.6,70.3,27.1,43.8,9.2,11.2,20.7,59.2,19.2,94.6,24.7,69.1,40.3,21.6,42.9,24.6,91.6,27.5,67,25.8,87.4,83.2,58.1,82,80.3,90,60.5,13.6,51.9,71.9,90.9,34.2,46.8,42.7,85.6,87.6,28.6,39.4,27.3,26.9,28,71.4,58.2,88.7,53.9,18.4,71.9,69.6,20.3,69.5,21.9
22,The Dark Knight,Bruce Wayne,76.8,84.6,84,9.2,18.8,71.2,50.5,24.3,30.2,75.5,84,82.9,23.8,59,40.2,70,21.5,24.1,19.5,76.8,61.4,24.3,69.9,12,77.6,40.3,41.8,13.8,27.5,31.1,56,10.4,44.5,76.5,59,31.1,87.8,31.2,18.2,14.4,33.3,33.3,79.3,46,38.7,72,71.6,35.7,44.9,30.6,55.1,43,35.3,91.1,30.3,15.1,20.2,67.8,78.5,35.7,47.9,24.8,69.9,48.3,17.7,86.9,51.1,70,24.2,36.8,49.6,61.1,22.9,37.6,87.1,30,61.5,82.5,63.5,59.3,49.1,83.7,47,61.7,32.7,30.8,88,88.7,38.8,56,21.3,78.7,62.1,10.5,60.7,67.8,2.6,19.2,55.8,52,32.8,82.4,74.9,38.6,34,57.4,60.1,83.2,89.3,38,6.3,66.5,21.1,40.9,44.5,77.4,18.9,53.6,27.1,75.8,48.9,45.4,36.5,83.6,34.8,33.3,73.7,76.8,72.5,15.3,9.1,50.3,20,83,15,93.6,86.7,79,9.6,53.9,35.4,16.9,43.1,16.3,10.5,61.6,92.7,62.5,74.7,25.5,69.1,50.7,28.2,33.6,76.5,90.3,67.2,61.6,56.2,52.1,11.7,15.8,27.7,80.2,82.9,30.7,23,45.4,82.4,68.2,54.3,43.5,43.6,83,15.5,86.4,51,52.1,52.2,71.3,23.5,65.9,20.3,12.9,77,64.1,45.2,57.8,43.1,78.9,46.3,33.4,57.7,63.4,40.6,35.1,53.2,73,5.7,10.5,44,52.2,16.7,10.2,89.9,50.8,80.6,24.6,10.4,42.2,28.5,66.4,25.3,86.2,85.1,48.4,73.8,11.4,54.2,25.1,23.9,52.4,71.1,37,13.1,53.6,84.2,59.6,32.4,28.8,29,28.6,49.2,88.8,46,52.7,41.5,31.3,19.6,37.1,42.8,29.1,80.7,58.2,40.1,56.8,42.5,52.5,67.7,26.1,38.5,46.5,44.1,73,24.9,45.1,76.7,32.3,9,81.1,31.3,72.6,12.5,51.5,19,31.9,84.5,19.6
23,The Office,Jim Halpert,14.2,71.2,25.5,24.2,22.8,70,35.1,80.4,42.8,46.8,56.4,55.1,69.2,50.2,55.9,38.8,43.1,77.8,39.6,78.7,80.5,62.2,33,39.8,40.8,40.9,44.2,19.6,33.7,39,58.8,48.9,49.7,35,58.6,75.2,73.6,53.9,27,13.4,50.9,18.3,41.1,50.3,70.6,43,45.8,47.9,69.1,71.3,42.4,53.5,49.4,49.5,50.1,42.7,53,74.5,51.1,49.7,69.9,24.4,22.2,63.3,29.9,37.5,63.5,53.2,12,25,32.9,29.4,27.2,26.6,57.8,65,53.4,56.4,61.6,82.1,41.3,59.1,50.7,73,55.1,50.1,41.4,58.7,11.5,71.7,27.6,44.4,59.5,32.5,8.5,45.4,48.5,74.3,65.4,44.6,42.8,55.7,76.2,20.9,54.6,64.2,37.8,88.2,69.1,57.4,34.5,24.3,54,64,37.1,27.6,77.2,60.3,78,53.1,24.9,15.5,38.4,38.9,91.6,75.1,72.4,56.1,21.9,52.5,37.8,39,28.4,73.5,17.6,59,35.5,39.6,37.4,48.1,43.3,15.5,46.8,38.6,20,28.6,48.9,37.2,55.1,48.9,51.5,77.4,24.4,54.6,50.2,51.2,56.8,71.6,17.6,47.9,52.8,66.5,39,21.4,56.8,54.1,37.7,51.3,44.4,68,28.6,32.8,48.1,72.6,9.5,85.6,51.6,26.4,78.3,83.7,26.8,80.3,72,14.9,33.7,37.6,62.7,60.7,50.1,61.1,45.6,45.1,41.1,44.5,40.2,45,34,49.1,65.9,15.2,75.5,48.9,45.1,13.4,79.2,81,66.3,35.2,25.7,54.7,80.9,24.5,81.2,67.2,43.7,30.3,41.2,16.4,40.3,49.7,28.6,17.6,27.2,47.6,24.8,23.7,87.4,46.3,69,34.8,28.8,36.5,42,90.1,28.3,63.5,16.8,87.1,61.3,64,90.2,68.5,88.5,72.7,26.9,49.7,51.9,56.7,42.6,34.8,34.5,46.8,69.8,19,65.5,28.3,60.6,59.5,73.9,81.4,77.9,38.7,46.7,74.3,80.4,22.1,86.6,19.6
24,Game of Thrones,Jon Snow,87.4,66.4,85.6,20.6,40.8,74,64.1,44.1,76.3,28.9,46.1,50.3,22,90.9,41,49.6,68.9,14.9,19.6,59.9,44.8,51.2,16.9,42.4,32.3,49.1,49.5,11.8,53.7,36.9,86.8,9.7,61.3,88.6,34.1,42.3,54.1,77.8,10.7,14.1,32.2,67.5,56,75.4,66.2,29.2,64.3,58,44.4,15.3,59.2,55.1,37.8,76.1,52.7,22.5,49.5,66.5,76.4,22.7,58.7,48.6,28,76,45.6,15,68.6,72.3,56.3,26.9,37.4,72.9,34.5,53.9,78.1,58.9,67.2,45,85.8,64.8,23.9,53.3,28.4,85.6,31.3,61.4,26,52.5,69,41.3,65.7,46.4,46,27.6,73.8,44.7,60.7,49,70.2,69.4,48.4,72.2,62.5,65.5,57.5,55.1,51.3,78,33,71.7,75.6,59.7,73.5,38.4,63.4,66,19.7,71.6,53.1,66.7,87.9,29.8,22.1,48.4,43.4,31.2,47,55.1,46,42.4,14.9,67.4,35.8,58.9,25.3,75.2,58,29.5,31.9,46.1,59.1,26.1,55.7,53.2,35.4,79.7,80,60.8,49.8,60,51,63.9,62,73.4,59.7,84.2,44.7,68,66.6,37.3,28,40.9,32.7,38.8,22.2,43.9,26.9,63.2,50.1,64.5,32.1,39.1,57.6,62.6,18.2,76.1,36.4,37.1,80.6,79.9,18.9,83,60.1,15.5,52.3,69.9,40.7,66.4,53.5,44.4,48.7,26.3,46.4,78.6,24.5,65,27.5,47.7,13.2,25.7,73.1,50.9,38.9,13.9,78.9,75.9,18.2,26.8,68.1,45.2,45.4,65.9,27.3,84.5,32.4,39.9,28.7,7.3,62,20.9,29.2,24.8,71.8,55.8,40.8,23,87.6,70.3,48,33.9,34.3,35.4,22.7,78.3,25.1,56.2,50.3,43.2,75.6,37,57.3,51.4,82.4,29.4,27.5,75.9,66.9,76.8,44.3,26.4,29.6,56.3,43.3,62.9,10.4,60.6,51.1,30.5,36.8,68.5,38.1,77.6,14.5,21.3,58.3,48.9,64.2,22.2
25,Friday Night Lights,Eric Taylor,79.6,89.6,46.9,8.6,15,78.6,49.2,21.1,64.6,26.5,61.7,66.3,41.4,88.9,19.9,18.6,28.3,26.9,31.1,41.1,75.3,30.8,14.7,19.3,22.5,15.8,67.2,13.4,57.4,43.1,83.6,6.7,70.6,66.8,62.1,64,72.1,69.4,10,16.1,18.5,76.2,73.9,73.7,74.4,17.3,84.3,34.4,28,13,46.6,54.5,47.2,68.2,35.5,14.6,19.7,74.5,66.7,59.2,53.8,13.5,71,72.9,24.7,26.1,77.6,43,39.7,61.3,15.9,33.2,41.3,44.7,93.4,55.5,90,58.3,76.3,84.2,22.8,82.6,18.5,79.5,14.7,37.5,25.1,45.2,37.2,39.7,53.8,65.9,80.2,12.6,40.5,47.7,46.4,32.9,88.8,60.2,54.1,75.7,80,56.1,49.7,71,32.9,88.2,39.4,63.2,71.8,75.5,75.1,64.4,84.5,15.8,65.5,70.6,58.3,67.8,76.2,18.3,14.7,55.9,62.9,73,81.9,73.4,35.7,15.3,12.7,71.7,63.4,44.8,11,92.1,47.2,35.1,11.3,48.3,25.4,12.5,48.9,37.6,21.4,40,39.5,59.3,43.8,27.2,86.8,66.5,62.1,71.6,35.2,87.5,19.8,59.9,66.3,83.9,9.9,66.2,24.4,44,38.1,62.2,18.4,78.8,65.6,73,45.6,31.3,79,89.4,3.2,91.6,39.5,40.2,87.6,83,12.5,86.8,36.4,17.6,40,89.7,59.3,64.5,43.9,15.4,20.5,18.4,67,63.2,31.9,69.5,17.8,43.2,8.4,8.7,76.7,76.2,21.6,7.7,90.6,72.6,20.5,35.3,80.1,24.4,48.4,45.8,28.6,91.9,29.5,77.8,36.6,6.5,63.7,14.5,27.1,18.5,41.1,62,14.6,45.9,78.1,77.7,49.1,16.8,17.2,31.3,31.1,90.2,34.8,68.8,27.5,68.9,84.8,31.5,79.8,47.8,85,68.2,44.3,74.5,40.6,74.9,42.2,23.6,21.8,43.2,43.6,62.5,63.4,52,66.6,18.4,59.4,75.6,53.2,80,22.9,68.7,82.5,38.1,80.5,8
26,Friday Night Lights,Landry Clarke,49.9,34.5,51.7,40.6,78.1,53.3,29.1,55,63.2,31.3,24.5,62.8,53.2,79.2,41.4,69.8,74.2,32.7,46.1,54.6,33.6,62.6,26.5,77,30.8,43.5,54.6,19.4,45.6,42.2,82.6,29.8,58.3,45.4,42.5,46.5,54.8,75.5,22.8,64.2,47.4,64.9,62.4,63.7,77.3,34.8,71.3,39.8,37.3,28.2,42.4,60,47.9,49.2,38.2,60.4,77.3,66.6,52.8,35.6,49.9,78.3,28.5,77.7,68.4,21.5,66.5,20.7,42.8,30.8,45.3,71,47.5,70.6,55.6,70.7,24.9,37.2,74.2,58,25.8,26.2,37.4,82.6,58.2,50,16.5,21.6,55.7,33.3,78.3,25.7,60.8,74.4,26.6,38.9,75.2,71,49.9,54,47,33.8,56.2,61.5,77.3,42.3,42.6,64.9,58.7,75.1,41.6,48.7,68.6,37.5,63.2,52.1,47.8,50.6,76.3,45.5,53.5,29,69,32,74.6,60.8,25.8,25.4,23.1,74.4,46.4,68.5,53.7,31.8,45,63.1,40.6,26.8,79,61.4,76.5,45.3,67.5,62.5,29.2,77.7,43.6,54.9,49.1,54.4,50.9,53.9,68.4,63.5,28.3,68.9,55.3,32.5,41.4,59,84,66.7,65.1,24.2,31,72.2,53.1,68,44.6,35.4,34.9,34,45.4,28,32.5,77,32.3,36.8,78.6,57.3,55,79.3,67.2,60.5,47.1,50.3,53.5,57.5,62.8,44.3,42.9,36.3,42,52.4,20.7,59.4,26.1,43.6,35.5,40.6,50.6,62.7,77.5,46,31.7,63.6,17.9,33.1,84,21.9,60.3,63.2,53.2,63.5,29.1,60.4,27.8,24.9,66.7,20.2,42.5,26.1,54.2,29.4,51.3,30.7,63.5,55,54.5,38.5,25.8,26.1,47.3,72.6,50.9,28.6,49.5,61.4,69.3,60.4,50.3,33.2,63.3,66.5,44.3,49.5,37.3,70.8,44.3,55.6,59.6,52.8,60.4,37.6,31.4,62.3,47.2,44.3,74.7,34.4,48,44,63,53.9,68.2,49.1,45.2,52.5
27,Little Women,Theodore Laurence,24.5,68.9,44.9,42.9,21.4,61.1,36.7,80,36.8,32.1,64.7,27.1,73.8,56.1,68.7,54.5,49.1,68.2,35.4,53.2,75.3,56.8,66.1,53.7,35,63.7,24.4,30.7,38.2,27.7,60.8,55.8,30.4,37.2,21.6,30.5,53.9,39.7,34.9,16,73.5,25.3,61.2,22,49.5,45,27.2,43.5,78.6,76.6,72,40.1,58.2,40.5,68.1,54.1,55.5,68.4,35.7,57.2,62,41.4,33.8,51,34.7,80.7,41.7,66.9,35.8,14.4,72.6,34.5,23.8,48.3,29.7,60.4,42.9,73.4,47.4,71,41.5,57.4,51.9,75.7,47.7,80.4,81.7,78.7,19.5,71.5,26.7,44.9,37,56.5,21.2,62.2,10,75.2,67.7,34.3,34.8,64.8,73.6,32.6,42.6,68.3,38.1,71.9,50,39.4,51.6,30.8,29.1,46.7,32.7,56.3,50.6,40.2,64.7,60.7,54.3,29.5,66.8,61.5,76,53.4,60,37.4,25.4,44.7,43.5,28.1,22.4,74.9,43.5,49.2,63.3,77.9,54.4,47.1,73.9,18.3,46.8,34.4,28.5,52.3,64.4,22.7,51.8,65.3,43.4,42.5,47.4,67.3,64.7,60.9,56.7,51.7,25.9,22.8,64.6,46.7,58.9,30.7,67.3,30.6,41.3,35,32.5,41.6,30.6,56.1,25.3,33.9,31.6,59.3,56.9,53.7,62.8,78.6,42.9,78.9,73.2,11.9,46.3,29.1,23.9,61.5,64.9,58.7,57.9,66.7,46.9,37,32.8,38.1,53.6,65,76.6,45.6,52.5,43.2,44.2,21.8,62.7,50.6,65.4,41.3,37,46.2,66.8,30.5,73.8,57.4,75.4,33.1,58.8,25.1,32.9,48.4,48.4,31.4,41.4,38.2,61.9,31.6,75.7,35.6,66.6,57,41.3,56.1,46.7,82,30,64.6,35.5,61.5,39.4,53.6,57.7,66,80.1,68.4,23.7,29.1,65.4,56.6,42.6,50.6,45.7,55.6,44.7,25.4,30.9,21.1,46.6,49,67.8,80.4,79.4,65.1,41.7,53.2,29.7,41.6,79.7,33
28,"House, M.D.",Dr. Gregory House,35.6,96.1,86.6,16.9,43.9,33.5,9,43.6,72.3,85.6,87.2,81.7,55.2,17.2,87.8,84.9,9.4,38,15.5,92.1,47,23.1,74.4,7.1,79,22,12.5,45.7,16.7,41.2,14.3,43.2,26.4,62.6,83.9,17.6,92.6,9.2,47.2,38.4,35.4,8.5,76.4,17.5,18.2,50.5,46.3,27.7,80.3,59.4,70.8,21.6,52,87.1,52.9,31.2,10,26.4,71.3,79.6,55.3,25.7,86.7,29.3,22.9,45.1,25.1,50,21.1,73.8,44.5,66.9,23.5,52.8,42.6,12.3,34.5,63.2,22.1,48.9,75,93.7,83.2,28,24.3,34.9,53.6,37.6,19.5,76.2,33.2,77.3,35.9,32.6,14.8,92.6,31.3,16.3,40.7,48.7,53,91.6,85.4,84.5,10.4,71.6,86,21.9,47,20.1,48.2,66.9,40.8,19.3,14,87.3,15.8,43.3,12.9,78.9,8.8,43.2,78.5,92.4,42.4,31.1,72.2,80.8,86.2,14.4,49.2,43.8,25.5,97.8,15.1,75.8,91.3,52.6,10.4,73.3,20,25.5,18.1,64.7,3.8,60.2,87.8,39.4,79.3,80.4,70.5,62.7,47.1,10.3,89.8,38.8,82.3,59.3,29.7,30.2,10.5,27.4,27.3,91.8,17,10.2,38,11.3,67.3,81.1,51.2,41.5,32,95.5,18.7,77.5,61.7,87.7,25.9,43.4,33.9,34.3,12.8,39.8,71.3,30,84.7,28,30.6,90.5,76.2,20.1,76.4,47.1,88.9,9.7,70.8,96.7,37,15.6,22.8,22.1,28.2,8.9,93.2,31.2,72.5,39.5,20.6,43.3,16.5,87.7,58.8,54.5,54.8,30.1,86.2,8.9,28,76.1,57.5,77.7,89.3,15.2,16.4,73.3,62.3,38.5,47.7,23.9,44.7,41,40.9,70.8,74.9,34,45.5,34.3,55.5,30.5,26.2,45.2,60.7,93.9,63.3,12.6,39.4,22.4,35.1,42.1,54,55.9,66.2,31.6,32.8,31.4,41.7,33.8,26.3,66.4,59.9,26,67.1,77.8,56.3,46.7,48.6,27.2
29,LOST,Sayid Jarrah,85.1,78.3,77.9,15.4,25,77,46.7,21.8,65.2,73.5,83.5,78.9,25.8,64.3,29.6,46.7,53.4,24.6,25.7,50.6,30.2,35.2,26.5,20.4,62.5,22,71.3,26.6,40.8,29.8,76.6,10.5,52.7,81.9,73.3,55.3,82.6,61.5,24.7,23.8,17,48.7,64.7,72.6,40.6,49.8,83,51.9,25.2,15.6,42.3,48.5,39.4,83.3,21.2,18.5,31.1,57.6,81.5,27.6,24,21,52.8,52.9,21.7,30.7,76.5,46,40.5,45,19.9,63.8,30.9,33.2,90.7,43.4,48,64.2,71.4,76.9,46.1,78.9,27.7,62.7,22.5,27.8,37.6,60.9,58.9,40.1,39.3,78.9,49.4,11.3,67.3,60.2,57.6,27.7,63.1,54.4,49.2,76.1,79.6,59.9,25.1,64.7,60,78.9,75.8,65.6,20.9,64.8,53.9,32.9,51.4,62.4,24.6,58.4,45.7,73.1,74.3,42.5,54.1,65,39.7,49.3,76.4,77.4,53.6,23.5,13.6,76.8,25.3,68.2,12.3,86.6,83.5,31,22.5,52.2,32.7,23.4,46.1,27.3,12.3,71.4,62.2,59.6,73.2,30.6,76.3,50.3,57.7,54.4,64.9,86.1,58.7,55.5,67.9,44.7,47.6,22.8,15.4,61.4,33.6,33.6,38.9,61.9,67.7,86.8,37.4,52.4,70.2,80.7,20.3,80.2,56,40.4,60.2,64.7,28.8,69.4,27.8,30.6,67,81.9,68.2,56.7,36.4,29.8,52.4,23.5,75.1,42.9,42.8,43.4,36.9,58.5,18.5,10.6,56.3,57.2,32.5,19.9,85.9,68.7,41.7,11.5,41.7,68.3,40.4,56.9,9.6,83.4,36.4,42.4,63.1,10.5,52.8,27.9,28.4,47,61,49.1,20.8,48.5,81.1,75.5,49,30.6,18.1,24.6,27.9,71.7,47.6,47.6,47.7,28.3,64.9,21.8,50.3,47.5,75.2,61.8,34.9,61,37.8,50.5,39.3,33.1,36.1,15.6,72.8,55.6,16.7,71.7,62.7,42,41.3,52.6,24.4,74.3,16.4,27.8,55.5,36,57.1,20.6
30,That 70's Show,Red Forman,92.8,89.3,82,5.4,61.8,44,62,6.6,69.6,89.9,75.9,84.2,28,61.1,15,34.5,13.9,6.4,42.9,90.3,47,12.6,17.3,7.3,82.9,24.3,72.2,23.1,92.9,78.9,23.2,15.5,69.5,85.9,79.7,24.6,64.1,25.5,54.7,68.8,14.4,59.8,50.3,63.8,78,8.7,90.6,22.8,11.5,12.1,48.7,37.1,25.5,91,18.1,18.2,7.3,51.2,86.6,74,17.1,18.2,88.9,39.7,41.1,10.9,66,23.8,41.5,87.1,15.1,74,91,64.2,91.9,9.3,76.4,44.2,34.3,79.5,74.2,85.8,41,24.8,5.8,31.6,12.2,33.5,51.2,18.1,54.2,88.3,89.2,17.2,56.5,63.4,57.3,6.8,25.6,80.8,17.9,27.9,40.5,90.1,34.9,57.5,91.9,62.9,16.6,50.2,85.6,93.9,84.4,45.9,91.2,45.9,30.4,54.5,11,74.7,13.8,43.5,33.7,76.9,13.5,28.4,86,92.2,87.9,8.8,44.8,94.1,92.3,29.6,19.4,73.3,37.1,24.9,11.1,48.5,13.4,62.7,12.9,68.2,33.3,47.2,24.5,57.6,65.7,21.5,79.4,89.5,85.7,6.9,40.6,81.2,20.1,53.7,63.8,86.6,11.5,77.4,21.6,65.3,39.5,65.7,36.5,78.5,72.9,71.3,91.3,15.6,86.4,89.2,5.5,91,19.9,91.6,24.2,53.1,54.4,23,8.4,64.5,69.5,78.2,87.8,34.6,36,58.3,19.3,16.6,42,82.1,89.2,23.9,60.6,13.6,17.1,18.9,44.8,60.2,41.2,23.6,74.8,44.6,33.3,59.4,68.9,33.1,8.1,88.7,17.1,62.5,10.2,86.5,68.5,14.3,51.5,14.5,49.1,68,84.6,67.8,19.4,81.2,36.7,91.7,18.2,19.8,60.3,42.1,33.9,66.6,79.1,19.7,73.1,33.8,53.7,48.9,40.2,23.3,42.1,41.2,84.8,91.4,33.9,22.6,26.3,36.9,42.7,12.7,61.8,57.5,62,71.1,65.2,24.4,33.4,27,23.7,27,65.3,20.8,66.8,37.6,49.5,24.1
